{"as_of":"2025-12-10T03:39:01.734401Z","reddit_sentiment":-0.12,"trends_inflation_z":0.8,"ism_pmi_dev_from_50":-1.3999999999999986,"consumer_confidence":104.2}