{"as_of":"2025-10-05T03:13:28.865081Z","reddit_sentiment":0.04752500000000001,"trends_inflation_z":-0.8414686072852361,"ism_pmi_dev_from_50":-1.3999999999999986,"consumer_confidence":104.2}