{"as_of":"2025-11-25T03:21:47.029194Z","reddit_sentiment":-0.12,"trends_inflation_z":0.9584346884714553,"ism_pmi_dev_from_50":-1.3999999999999986,"consumer_confidence":104.2}