{"as_of":"2025-12-26T03:41:01.093348Z","reddit_sentiment":0.08151200000000003,"trends_inflation_z":0.41216504864102627,"ism_pmi_dev_from_50":-1.3999999999999986,"consumer_confidence":104.2}