{"as_of":"2025-11-05T03:18:46.681370Z","reddit_sentiment":0.05707500000000002,"trends_inflation_z":1.3925060791382349,"ism_pmi_dev_from_50":-1.3999999999999986,"consumer_confidence":104.2}