{"as_of":"2025-12-21T03:45:10.740432Z","reddit_sentiment":0.07772600000000006,"trends_inflation_z":-0.45627133941435205,"ism_pmi_dev_from_50":-1.3999999999999986,"consumer_confidence":104.2}