{"as_of":"2025-10-25T03:10:57.195041Z","reddit_sentiment":0.056924,"trends_inflation_z":0.32603434173489054,"ism_pmi_dev_from_50":-1.3999999999999986,"consumer_confidence":104.2}