{"as_of":"2026-01-15T03:48:41.269238Z","reddit_sentiment":0.08057,"trends_inflation_z":0.03687669040481094,"ism_pmi_dev_from_50":-1.3999999999999986,"consumer_confidence":104.2}