{"as_of":"2026-01-04T03:57:40.783153Z","reddit_sentiment":0.05576999999999998,"trends_inflation_z":0.3828299985229553,"ism_pmi_dev_from_50":-1.3999999999999986,"consumer_confidence":104.2}