{"as_of":"2025-10-09T03:07:50.792476Z","reddit_sentiment":0.09274500000000002,"trends_inflation_z":0.8,"ism_pmi_dev_from_50":-1.3999999999999986,"consumer_confidence":104.2}