{"as_of":"2026-03-21T04:13:22.549894Z","reddit_sentiment":-0.005647000000000016,"trends_inflation_z":-0.03143121960061505,"ism_pmi_dev_from_50":-1.3999999999999986,"consumer_confidence":104.2}