{"as_of":"2025-12-29T03:56:10.501971Z","reddit_sentiment":0.076464,"trends_inflation_z":-0.1609438886010154,"ism_pmi_dev_from_50":-1.3999999999999986,"consumer_confidence":104.2}