{"as_of":"2025-10-17T03:09:30.335854Z","reddit_sentiment":0.015662999999999993,"trends_inflation_z":0.5560900532599715,"ism_pmi_dev_from_50":-1.3999999999999986,"consumer_confidence":104.2}