{"as_of":"2025-11-23T03:42:14.856110Z","reddit_sentiment":-0.12,"trends_inflation_z":0.10441496676889389,"ism_pmi_dev_from_50":-1.3999999999999986,"consumer_confidence":104.2}