{"as_of":"2026-02-12T04:31:43.509931Z","reddit_sentiment":0.02034999999999999,"trends_inflation_z":-0.5789866743578052,"ism_pmi_dev_from_50":-1.3999999999999986,"consumer_confidence":104.2}