{"as_of":"2026-03-02T04:22:22.671333Z","reddit_sentiment":-0.11966099999999999,"trends_inflation_z":-0.315160137930927,"ism_pmi_dev_from_50":-1.3999999999999986,"consumer_confidence":104.2}