{"as_of":"2025-10-23T03:11:36.904464Z","reddit_sentiment":-0.009713999999999995,"trends_inflation_z":1.5347663822643487,"ism_pmi_dev_from_50":-1.3999999999999986,"consumer_confidence":104.2}