{"as_of":"2026-03-18T04:31:19.470401Z","reddit_sentiment":0.028542999999999995,"trends_inflation_z":0.25039393836760393,"ism_pmi_dev_from_50":-1.3999999999999986,"consumer_confidence":104.2}