{"as_of":"2025-11-03T03:32:59.856465Z","reddit_sentiment":-0.12,"trends_inflation_z":1.6345515718626795,"ism_pmi_dev_from_50":-1.3999999999999986,"consumer_confidence":104.2}