{"as_of":"2025-10-04T02:59:52.966196Z","reddit_sentiment":0.04185699999999999,"trends_inflation_z":-0.6381196178813977,"ism_pmi_dev_from_50":-1.3999999999999986,"consumer_confidence":104.2}