{"as_of":"2025-10-01T03:17:21.291863Z","reddit_sentiment":-0.12,"trends_inflation_z":0.0501738323929141,"ism_pmi_dev_from_50":-1.3999999999999986,"consumer_confidence":104.2}