{"as_of":"2025-12-22T03:49:52.335027Z","reddit_sentiment":0.062684,"trends_inflation_z":-0.3509225791706206,"ism_pmi_dev_from_50":-1.3999999999999986,"consumer_confidence":104.2}