{"as_of":"2025-12-25T03:43:14.184446Z","reddit_sentiment":0.06280300000000001,"trends_inflation_z":0.853608025815754,"ism_pmi_dev_from_50":-1.3999999999999986,"consumer_confidence":104.2}