{"as_of":"2025-12-18T03:37:53.256104Z","reddit_sentiment":0.058695000000000004,"trends_inflation_z":4.103099509715784,"ism_pmi_dev_from_50":-1.3999999999999986,"consumer_confidence":104.2}