{"as_of":"2026-02-17T04:26:49.854636Z","reddit_sentiment":0.020953,"trends_inflation_z":0.013284730047547492,"ism_pmi_dev_from_50":-1.3999999999999986,"consumer_confidence":104.2}