{"as_of":"2026-03-08T04:19:48.755613Z","reddit_sentiment":0.04025599999999997,"trends_inflation_z":-0.09946714501742832,"ism_pmi_dev_from_50":-1.3999999999999986,"consumer_confidence":104.2}