{"as_of":"2026-03-15T04:39:40.710850Z","reddit_sentiment":-0.023429,"trends_inflation_z":-1.0108972894507442,"ism_pmi_dev_from_50":-1.3999999999999986,"consumer_confidence":104.2}