{"as_of":"2026-03-06T04:17:09.917031Z","reddit_sentiment":0.024626000000000002,"trends_inflation_z":-0.12457457618980736,"ism_pmi_dev_from_50":-1.3999999999999986,"consumer_confidence":104.2}