{"as_of":"2025-12-16T03:41:14.025262Z","reddit_sentiment":0.005560999999999998,"trends_inflation_z":0.20220563359194202,"ism_pmi_dev_from_50":-1.3999999999999986,"consumer_confidence":104.2}