{"as_of":"2025-12-19T03:39:53.865803Z","reddit_sentiment":0.044015000000000006,"trends_inflation_z":0.8480925020663943,"ism_pmi_dev_from_50":-1.3999999999999986,"consumer_confidence":104.2}