{"as_of":"2025-10-13T03:17:24.542785Z","reddit_sentiment":-0.04118,"trends_inflation_z":0.6126858802483497,"ism_pmi_dev_from_50":-1.3999999999999986,"consumer_confidence":104.2}