{"as_of":"2026-03-03T04:22:28.462996Z","reddit_sentiment":-0.052707000000000004,"trends_inflation_z":-0.20636321441506644,"ism_pmi_dev_from_50":-1.3999999999999986,"consumer_confidence":104.2}