{"as_of":"2026-03-05T04:19:57.292615Z","reddit_sentiment":0.0042700000000000056,"trends_inflation_z":-0.23673587732664786,"ism_pmi_dev_from_50":-1.3999999999999986,"consumer_confidence":104.2}