{"as_of":"2025-10-28T03:15:55.322734Z","reddit_sentiment":0.03880700000000002,"trends_inflation_z":-0.3950541244900996,"ism_pmi_dev_from_50":-1.3999999999999986,"consumer_confidence":104.2}