{"as_of":"2025-10-07T03:05:04.118895Z","reddit_sentiment":0.07365099999999998,"trends_inflation_z":1.1397730209463715,"ism_pmi_dev_from_50":-1.3999999999999986,"consumer_confidence":104.2}