{"as_of":"2025-12-06T03:18:08.572526Z","reddit_sentiment":0.015269000000000007,"trends_inflation_z":1.3785718873405541,"ism_pmi_dev_from_50":-1.3999999999999986,"consumer_confidence":104.2}