{"as_of":"2025-12-07T03:42:20.139594Z","reddit_sentiment":0.029897000000000028,"trends_inflation_z":-0.04375947514871122,"ism_pmi_dev_from_50":-1.3999999999999986,"consumer_confidence":104.2}