{"as_of":"2025-12-31T03:43:59.170186Z","reddit_sentiment":0.09276000000000001,"trends_inflation_z":0.4228392639931517,"ism_pmi_dev_from_50":-1.3999999999999986,"consumer_confidence":104.2}