{"as_of":"2026-03-04T04:16:39.522299Z","reddit_sentiment":-0.030734000000000004,"trends_inflation_z":-0.42853755263560817,"ism_pmi_dev_from_50":-1.3999999999999986,"consumer_confidence":104.2}