{"as_of":"2025-11-24T03:39:57.549821Z","reddit_sentiment":-0.12,"trends_inflation_z":0.2997485204679353,"ism_pmi_dev_from_50":-1.3999999999999986,"consumer_confidence":104.2}