{"as_of":"2026-01-25T04:00:39.117995Z","reddit_sentiment":0.05234899999999998,"trends_inflation_z":-0.4928347174733806,"ism_pmi_dev_from_50":-1.3999999999999986,"consumer_confidence":104.2}