{"as_of":"2025-12-27T03:38:16.199807Z","reddit_sentiment":0.076145,"trends_inflation_z":0.27115685484371616,"ism_pmi_dev_from_50":-1.3999999999999986,"consumer_confidence":104.2}