{"as_of":"2025-11-04T03:17:29.752759Z","reddit_sentiment":0.006494000000000008,"trends_inflation_z":0.8,"ism_pmi_dev_from_50":-1.3999999999999986,"consumer_confidence":104.2}