{"as_of":"2025-10-21T03:13:58.760757Z","reddit_sentiment":-0.014695,"trends_inflation_z":0.9587550523998424,"ism_pmi_dev_from_50":-1.3999999999999986,"consumer_confidence":104.2}