{"as_of":"2026-01-23T03:50:02.852692Z","reddit_sentiment":0.07490799999999999,"trends_inflation_z":-0.08174452819293498,"ism_pmi_dev_from_50":-1.3999999999999986,"consumer_confidence":104.2}