{"as_of":"2025-09-23T14:31:23.377502Z","reddit_sentiment":0.03913500000000004,"trends_inflation_z":3.015998408158532,"ism_pmi_dev_from_50":-1.3999999999999986,"consumer_confidence":104.2}