{"as_of":"2025-10-15T03:12:47.986193Z","reddit_sentiment":0.022024,"trends_inflation_z":0.8,"ism_pmi_dev_from_50":-1.3999999999999986,"consumer_confidence":104.2}