{"as_of":"2025-11-18T03:19:32.594520Z","reddit_sentiment":0.00851199999999999,"trends_inflation_z":2.26444909892204,"ism_pmi_dev_from_50":-1.3999999999999986,"consumer_confidence":104.2}