{"as_of":"2026-02-01T04:36:40.561278Z","reddit_sentiment":0.017137999999999983,"trends_inflation_z":-0.36506455699948737,"ism_pmi_dev_from_50":-1.3999999999999986,"consumer_confidence":104.2}