{"as_of":"2025-10-29T03:22:06.315560Z","reddit_sentiment":0.06924100000000002,"trends_inflation_z":-0.38868106423150356,"ism_pmi_dev_from_50":-1.3999999999999986,"consumer_confidence":104.2}