{"as_of":"2026-01-29T04:17:39.284043Z","reddit_sentiment":0.022403000000000003,"trends_inflation_z":1.4362963620222586,"ism_pmi_dev_from_50":-1.3999999999999986,"consumer_confidence":104.2}