{"as_of":"2026-01-05T04:02:27.145291Z","reddit_sentiment":0.051264999999999984,"trends_inflation_z":0.2320993002879823,"ism_pmi_dev_from_50":-1.3999999999999986,"consumer_confidence":104.2}