{"as_of":"2026-02-11T04:37:03.755859Z","reddit_sentiment":0.004861000000000009,"trends_inflation_z":0.4390105997105152,"ism_pmi_dev_from_50":-1.3999999999999986,"consumer_confidence":104.2}