{"as_of":"2025-12-03T03:33:44.609169Z","reddit_sentiment":0.017365000000000012,"trends_inflation_z":1.46090262372636,"ism_pmi_dev_from_50":-1.3999999999999986,"consumer_confidence":104.2}