{"as_of":"2025-09-29T03:12:28.753859Z","reddit_sentiment":0.018568000000000008,"trends_inflation_z":0.5104362348657259,"ism_pmi_dev_from_50":-1.3999999999999986,"consumer_confidence":104.2}