{"as_of":"2025-11-08T03:11:13.751688Z","reddit_sentiment":0.02059499999999998,"trends_inflation_z":2.8516591451395534,"ism_pmi_dev_from_50":-1.3999999999999986,"consumer_confidence":104.2}