{"as_of":"2025-10-24T03:08:10.818065Z","reddit_sentiment":0.052164999999999996,"trends_inflation_z":1.2665313222936148,"ism_pmi_dev_from_50":-1.3999999999999986,"consumer_confidence":104.2}