{"as_of":"2025-09-27T03:02:26.161778Z","reddit_sentiment":-0.12,"trends_inflation_z":1.388620648999128,"ism_pmi_dev_from_50":-1.3999999999999986,"consumer_confidence":104.2}