{"as_of":"2026-02-14T04:17:59.332486Z","reddit_sentiment":0.043024000000000034,"trends_inflation_z":-0.11132147233991421,"ism_pmi_dev_from_50":-1.3999999999999986,"consumer_confidence":104.2}