{"as_of":"2025-11-16T03:32:33.139709Z","reddit_sentiment":0.07160899999999996,"trends_inflation_z":-0.6165239955617416,"ism_pmi_dev_from_50":-1.3999999999999986,"consumer_confidence":104.2}