{"as_of":"2026-01-20T03:51:42.243832Z","reddit_sentiment":0.09780399999999999,"trends_inflation_z":-0.7847429902436616,"ism_pmi_dev_from_50":-1.3999999999999986,"consumer_confidence":104.2}