{"as_of":"2026-01-01T03:56:59.779570Z","reddit_sentiment":0.12625600000000003,"trends_inflation_z":-0.921051169995459,"ism_pmi_dev_from_50":-1.3999999999999986,"consumer_confidence":104.2}