{"as_of":"2025-11-17T03:32:15.353300Z","reddit_sentiment":0.08406300000000004,"trends_inflation_z":2.307375602815646,"ism_pmi_dev_from_50":-1.3999999999999986,"consumer_confidence":104.2}