{"as_of":"2025-10-22T03:18:29.799609Z","reddit_sentiment":-0.02376500000000001,"trends_inflation_z":0.8,"ism_pmi_dev_from_50":-1.3999999999999986,"consumer_confidence":104.2}