{"as_of":"2025-11-19T03:19:23.199836Z","reddit_sentiment":0.0028340000000000014,"trends_inflation_z":2.425341695541068,"ism_pmi_dev_from_50":-1.3999999999999986,"consumer_confidence":104.2}