{"as_of":"2025-10-12T03:10:08.440470Z","reddit_sentiment":-0.031493,"trends_inflation_z":-1.0199438762203483,"ism_pmi_dev_from_50":-1.3999999999999986,"consumer_confidence":104.2}