{"as_of":"2026-02-23T04:32:26.360032Z","reddit_sentiment":0.06744,"trends_inflation_z":-0.0196391330086623,"ism_pmi_dev_from_50":-1.3999999999999986,"consumer_confidence":104.2}