{"as_of":"2025-11-28T03:19:19.313056Z","reddit_sentiment":0.03058100000000001,"trends_inflation_z":0.7405863743560525,"ism_pmi_dev_from_50":-1.3999999999999986,"consumer_confidence":104.2}