{"as_of":"2025-11-21T03:18:12.394210Z","reddit_sentiment":0.014703000000000008,"trends_inflation_z":2.0385394439684825,"ism_pmi_dev_from_50":-1.3999999999999986,"consumer_confidence":104.2}