{"as_of":"2025-12-20T03:31:27.425348Z","reddit_sentiment":0.08645600000000002,"trends_inflation_z":-0.02325604628503054,"ism_pmi_dev_from_50":-1.3999999999999986,"consumer_confidence":104.2}