{"as_of":"2026-03-13T04:20:23.980049Z","reddit_sentiment":-0.05304599999999999,"trends_inflation_z":-0.5547452036246011,"ism_pmi_dev_from_50":-1.3999999999999986,"consumer_confidence":104.2}