{"as_of":"2025-09-26T03:07:20.373286Z","reddit_sentiment":0.050154999999999984,"trends_inflation_z":1.225611555134718,"ism_pmi_dev_from_50":-1.3999999999999986,"consumer_confidence":104.2}