{"as_of":"2025-12-30T03:44:31.630641Z","reddit_sentiment":0.140817,"trends_inflation_z":0.28756350940911374,"ism_pmi_dev_from_50":-1.3999999999999986,"consumer_confidence":104.2}