{"as_of":"2026-01-02T03:47:31.576204Z","reddit_sentiment":0.09730300000000001,"trends_inflation_z":0.3214370058569717,"ism_pmi_dev_from_50":-1.3999999999999986,"consumer_confidence":104.2}