{"as_of":"2025-12-01T03:58:06.201327Z","reddit_sentiment":0.07406799999999998,"trends_inflation_z":1.369371373710258,"ism_pmi_dev_from_50":-1.3999999999999986,"consumer_confidence":104.2}