{"as_of":"2025-11-12T03:19:35.152909Z","reddit_sentiment":-0.012909000000000014,"trends_inflation_z":0.8,"ism_pmi_dev_from_50":-1.3999999999999986,"consumer_confidence":104.2}