{"as_of":"2026-03-09T04:25:53.350901Z","reddit_sentiment":-0.06735700000000001,"trends_inflation_z":1.6363431180107841,"ism_pmi_dev_from_50":-1.3999999999999986,"consumer_confidence":104.2}