{"as_of":"2025-11-27T03:19:17.107853Z","reddit_sentiment":0.012631999999999999,"trends_inflation_z":1.045230826759483,"ism_pmi_dev_from_50":-1.3999999999999986,"consumer_confidence":104.2}