{"as_of":"2026-01-27T03:54:16.064444Z","reddit_sentiment":0.036195,"trends_inflation_z":-0.513704703117886,"ism_pmi_dev_from_50":-1.3999999999999986,"consumer_confidence":104.2}