{"as_of":"2025-11-01T03:17:53.901233Z","reddit_sentiment":-0.12,"trends_inflation_z":-0.4585325787638303,"ism_pmi_dev_from_50":-1.3999999999999986,"consumer_confidence":104.2}