{"as_of":"2026-02-04T04:17:16.469330Z","reddit_sentiment":0.037933,"trends_inflation_z":0.4169037225257979,"ism_pmi_dev_from_50":-1.3999999999999986,"consumer_confidence":104.2}