{"as_of":"2025-10-19T03:21:28.686232Z","reddit_sentiment":0.046948,"trends_inflation_z":-1.0643939921374097,"ism_pmi_dev_from_50":-1.3999999999999986,"consumer_confidence":104.2}