{"as_of":"2025-09-24T03:06:21.244791Z","reddit_sentiment":-0.12,"trends_inflation_z":1.4155106037492693,"ism_pmi_dev_from_50":-1.3999999999999986,"consumer_confidence":104.2}