{"as_of":"2026-03-14T04:18:54.221367Z","reddit_sentiment":-0.011488999999999996,"trends_inflation_z":-0.6695924647308256,"ism_pmi_dev_from_50":-1.3999999999999986,"consumer_confidence":104.2}