{"as_of":"2026-01-18T03:52:43.496242Z","reddit_sentiment":0.087048,"trends_inflation_z":-1.1182172351345616,"ism_pmi_dev_from_50":-1.3999999999999986,"consumer_confidence":104.2}