{"as_of":"2025-09-23T14:23:54.331191Z","reddit_sentiment":0.04200400000000003,"trends_inflation_z":3.2397073244044394,"ism_pmi_dev_from_50":-1.3999999999999986,"consumer_confidence":104.2}