{"as_of":"2025-11-11T03:20:37.287502Z","reddit_sentiment":0.024248999999999982,"trends_inflation_z":2.1381364280431474,"ism_pmi_dev_from_50":-1.3999999999999986,"consumer_confidence":104.2}