{"as_of":"2025-10-31T03:18:25.285579Z","reddit_sentiment":-0.12,"trends_inflation_z":0.47586886292894903,"ism_pmi_dev_from_50":-1.3999999999999986,"consumer_confidence":104.2}