{"as_of":"2025-10-27T03:35:06.123856Z","reddit_sentiment":0.05567699999999998,"trends_inflation_z":0.3293645813114675,"ism_pmi_dev_from_50":-1.3999999999999986,"consumer_confidence":104.2}