{"as_of":"2025-10-20T03:22:08.552328Z","reddit_sentiment":0.057068,"trends_inflation_z":0.056165186511544285,"ism_pmi_dev_from_50":-1.3999999999999986,"consumer_confidence":104.2}