{"as_of":"2025-12-28T03:54:39.259089Z","reddit_sentiment":0.11183600000000002,"trends_inflation_z":0.28839226138174384,"ism_pmi_dev_from_50":-1.3999999999999986,"consumer_confidence":104.2}