{"as_of":"2026-03-17T04:25:58.396545Z","reddit_sentiment":-0.047312,"trends_inflation_z":0.31626065931678476,"ism_pmi_dev_from_50":-1.3999999999999986,"consumer_confidence":104.2}