{"as_of":"2025-09-23T15:45:45.887919Z","reddit_sentiment":-0.12,"trends_inflation_z":2.6871655455334857,"ism_pmi_dev_from_50":-1.3999999999999986,"consumer_confidence":104.2}