{"as_of":"2026-02-16T04:33:39.235530Z","reddit_sentiment":0.011413,"trends_inflation_z":0.15342030392371542,"ism_pmi_dev_from_50":-1.3999999999999986,"consumer_confidence":104.2}