{"as_of":"2026-01-30T04:17:12.529488Z","reddit_sentiment":0.02245399999999999,"trends_inflation_z":0.5305102652367537,"ism_pmi_dev_from_50":-1.3999999999999986,"consumer_confidence":104.2}