{"as_of":"2026-01-22T03:54:50.071935Z","reddit_sentiment":0.08921300000000003,"trends_inflation_z":0.43795312268610576,"ism_pmi_dev_from_50":-1.3999999999999986,"consumer_confidence":104.2}