{"as_of":"2026-03-11T04:18:06.029588Z","reddit_sentiment":0.04236500000000001,"trends_inflation_z":0.5157405070194501,"ism_pmi_dev_from_50":-1.3999999999999986,"consumer_confidence":104.2}