{"as_of":"2025-11-20T03:17:40.914721Z","reddit_sentiment":-0.12,"trends_inflation_z":1.9073053652325616,"ism_pmi_dev_from_50":-1.3999999999999986,"consumer_confidence":104.2}