{"as_of":"2025-10-08T03:04:57.287700Z","reddit_sentiment":0.08450299999999998,"trends_inflation_z":2.004758588252665,"ism_pmi_dev_from_50":-1.3999999999999986,"consumer_confidence":104.2}