{"as_of":"2025-10-11T03:02:12.975618Z","reddit_sentiment":0.06470999999999999,"trends_inflation_z":-0.7798141725582171,"ism_pmi_dev_from_50":-1.3999999999999986,"consumer_confidence":104.2}