{"as_of":"2025-10-02T03:04:26.912498Z","reddit_sentiment":0.018290000000000004,"trends_inflation_z":0.28650875632808337,"ism_pmi_dev_from_50":-1.3999999999999986,"consumer_confidence":104.2}