{"as_of":"2026-01-26T04:03:39.706000Z","reddit_sentiment":0.03205000000000001,"trends_inflation_z":0.7251997191121766,"ism_pmi_dev_from_50":-1.3999999999999986,"consumer_confidence":104.2}