{"as_of":"2026-01-31T04:12:30.679562Z","reddit_sentiment":0.037864999999999975,"trends_inflation_z":0.0171645870872965,"ism_pmi_dev_from_50":-1.3999999999999986,"consumer_confidence":104.2}