{"as_of":"2025-09-30T03:05:38.295930Z","reddit_sentiment":-0.12,"trends_inflation_z":0.37965927433069524,"ism_pmi_dev_from_50":-1.3999999999999986,"consumer_confidence":104.2}