{"as_of":"2025-10-03T03:04:05.106140Z","reddit_sentiment":0.044898999999999994,"trends_inflation_z":0.06133009611686073,"ism_pmi_dev_from_50":-1.3999999999999986,"consumer_confidence":104.2}