{"as_of":"2026-02-25T04:27:31.657434Z","reddit_sentiment":0.031612,"trends_inflation_z":0.813525545500557,"ism_pmi_dev_from_50":-1.3999999999999986,"consumer_confidence":104.2}