{"as_of":"2025-11-14T03:19:57.416817Z","reddit_sentiment":0.03587399999999999,"trends_inflation_z":0.8,"ism_pmi_dev_from_50":-1.3999999999999986,"consumer_confidence":104.2}