{"as_of":"2025-10-30T03:17:48.109068Z","reddit_sentiment":0.008188000000000018,"trends_inflation_z":0.8,"ism_pmi_dev_from_50":-1.3999999999999986,"consumer_confidence":104.2}