{"as_of":"2026-03-20T04:21:57.796627Z","reddit_sentiment":-0.031219999999999994,"trends_inflation_z":0.6131276616521907,"ism_pmi_dev_from_50":-1.3999999999999986,"consumer_confidence":104.2}