{"as_of":"2026-02-09T04:35:03.202163Z","reddit_sentiment":0.046413,"trends_inflation_z":-0.3859912819005534,"ism_pmi_dev_from_50":-1.3999999999999986,"consumer_confidence":104.2}