{"as_of":"2026-02-19T04:27:31.090118Z","reddit_sentiment":0.052805000000000026,"trends_inflation_z":-0.41148514370562705,"ism_pmi_dev_from_50":-1.3999999999999986,"consumer_confidence":104.2}