{"as_of":"2025-11-30T03:42:17.710916Z","reddit_sentiment":0.023879,"trends_inflation_z":0.7354215408786354,"ism_pmi_dev_from_50":-1.3999999999999986,"consumer_confidence":104.2}