{"as_of":"2025-12-08T03:38:16.393368Z","reddit_sentiment":0.065655,"trends_inflation_z":0.8,"ism_pmi_dev_from_50":-1.3999999999999986,"consumer_confidence":104.2}