{"as_of":"2025-12-12T03:40:25.925512Z","reddit_sentiment":-0.005033999999999986,"trends_inflation_z":1.434968248796252,"ism_pmi_dev_from_50":-1.3999999999999986,"consumer_confidence":104.2}