{"as_of":"2026-01-28T03:52:14.404959Z","reddit_sentiment":0.05765800000000001,"trends_inflation_z":0.7497023036995524,"ism_pmi_dev_from_50":-1.3999999999999986,"consumer_confidence":104.2}