{"as_of":"2026-03-19T04:30:22.478444Z","reddit_sentiment":-0.07122200000000001,"trends_inflation_z":2.1596006979800113,"ism_pmi_dev_from_50":-1.3999999999999986,"consumer_confidence":104.2}