{"as_of":"2026-02-08T04:38:12.529933Z","reddit_sentiment":0.062481,"trends_inflation_z":-0.6746567927514961,"ism_pmi_dev_from_50":-1.3999999999999986,"consumer_confidence":104.2}