{"as_of":"2026-02-10T04:38:15.969884Z","reddit_sentiment":0.025920999999999993,"trends_inflation_z":0.15394428619880948,"ism_pmi_dev_from_50":-1.3999999999999986,"consumer_confidence":104.2}