{"as_of":"2026-01-16T03:46:39.165243Z","reddit_sentiment":0.09234800000000001,"trends_inflation_z":0.8,"ism_pmi_dev_from_50":-1.3999999999999986,"consumer_confidence":104.2}