{"as_of":"2025-11-15T03:15:12.720230Z","reddit_sentiment":0.025044,"trends_inflation_z":1.4025950800273492,"ism_pmi_dev_from_50":-1.3999999999999986,"consumer_confidence":104.2}