{"as_of":"2026-02-28T04:01:48.349216Z","reddit_sentiment":-0.0077560000000000025,"trends_inflation_z":-0.1912737183895391,"ism_pmi_dev_from_50":-1.3999999999999986,"consumer_confidence":104.2}