{"as_of":"2026-02-15T04:29:45.734737Z","reddit_sentiment":0.044864000000000015,"trends_inflation_z":-0.43250742755373,"ism_pmi_dev_from_50":-1.3999999999999986,"consumer_confidence":104.2}