{"as_of":"2025-11-06T03:21:05.501773Z","reddit_sentiment":0.04589599999999999,"trends_inflation_z":2.234742755416173,"ism_pmi_dev_from_50":-1.3999999999999986,"consumer_confidence":104.2}