{"as_of":"2026-01-17T03:38:18.366421Z","reddit_sentiment":0.101587,"trends_inflation_z":-0.43923538648954175,"ism_pmi_dev_from_50":-1.3999999999999986,"consumer_confidence":104.2}