{"as_of":"2025-12-15T03:49:08.715872Z","reddit_sentiment":0.054424,"trends_inflation_z":-0.008454004491095216,"ism_pmi_dev_from_50":-1.3999999999999986,"consumer_confidence":104.2}