{"as_of":"2025-10-16T03:11:19.075502Z","reddit_sentiment":0.037628000000000016,"trends_inflation_z":0.8,"ism_pmi_dev_from_50":-1.3999999999999986,"consumer_confidence":104.2}