{"as_of":"2026-03-12T04:21:28.816713Z","reddit_sentiment":-0.038929,"trends_inflation_z":0.8,"ism_pmi_dev_from_50":-1.3999999999999986,"consumer_confidence":104.2}