{"as_of":"2025-11-29T03:19:39.028807Z","reddit_sentiment":0.059105000000000005,"trends_inflation_z":0.5653329038212851,"ism_pmi_dev_from_50":-1.3999999999999986,"consumer_confidence":104.2}