{"as_of":"2026-02-06T04:22:49.255497Z","reddit_sentiment":-0.011673000000000005,"trends_inflation_z":0.15072048731446924,"ism_pmi_dev_from_50":-1.3999999999999986,"consumer_confidence":104.2}