{"as_of":"2026-03-10T04:17:58.573279Z","reddit_sentiment":-0.009613000000000014,"trends_inflation_z":0.07949991641870247,"ism_pmi_dev_from_50":-1.3999999999999986,"consumer_confidence":104.2}