{"as_of":"2026-02-27T04:21:26.027775Z","reddit_sentiment":0.005844000000000007,"trends_inflation_z":0.017097099612048326,"ism_pmi_dev_from_50":-1.3999999999999986,"consumer_confidence":104.2}