{"as_of":"2025-09-11T07:32:56.468484Z","reddit_sentiment":0.025387,"trends_inflation_z":0.8,"ism_pmi_dev_from_50":-1.3999999999999986,"consumer_confidence":104.2}