{"as_of":"2025-12-23T03:43:11.250987Z","reddit_sentiment":0.04187399999999999,"trends_inflation_z":-0.2763358365762524,"ism_pmi_dev_from_50":-1.3999999999999986,"consumer_confidence":104.2}