{"as_of":"2026-02-13T04:28:34.782022Z","reddit_sentiment":0.008074999999999987,"trends_inflation_z":0.547593281779824,"ism_pmi_dev_from_50":-1.3999999999999986,"consumer_confidence":104.2}