{"as_of":"2026-01-21T03:50:51.584583Z","reddit_sentiment":0.041907,"trends_inflation_z":0.3925793157762826,"ism_pmi_dev_from_50":-1.3999999999999986,"consumer_confidence":104.2}