{"as_of":"2025-12-13T03:31:10.247432Z","reddit_sentiment":0.06661399999999999,"trends_inflation_z":0.0005107386973124686,"ism_pmi_dev_from_50":-1.3999999999999986,"consumer_confidence":104.2}