{"as_of":"2025-11-22T03:13:14.800510Z","reddit_sentiment":-0.12,"trends_inflation_z":-0.43882761517563734,"ism_pmi_dev_from_50":-1.3999999999999986,"consumer_confidence":104.2}