{"as_of":"2026-03-07T04:07:13.188407Z","reddit_sentiment":-0.045075000000000004,"trends_inflation_z":0.38733598443773837,"ism_pmi_dev_from_50":-1.3999999999999986,"consumer_confidence":104.2}