{"as_of":"2025-10-14T03:08:37.398950Z","reddit_sentiment":0.029666999999999995,"trends_inflation_z":0.8,"ism_pmi_dev_from_50":-1.3999999999999986,"consumer_confidence":104.2}