{"as_of":"2025-10-18T03:03:03.396942Z","reddit_sentiment":0.02503799999999999,"trends_inflation_z":4.0695172647193205,"ism_pmi_dev_from_50":-1.3999999999999986,"consumer_confidence":104.2}