{"as_of":"2025-09-25T03:08:35.546145Z","reddit_sentiment":-0.12,"trends_inflation_z":1.4130174995351086,"ism_pmi_dev_from_50":-1.3999999999999986,"consumer_confidence":104.2}