{"as_of":"2026-02-18T04:28:49.609202Z","reddit_sentiment":-0.12,"trends_inflation_z":-0.19217990979069244,"ism_pmi_dev_from_50":-1.3999999999999986,"consumer_confidence":104.2}