{"as_of":"2025-12-09T03:34:17.837315Z","reddit_sentiment":0.09581599999999998,"trends_inflation_z":1.5737205779619892,"ism_pmi_dev_from_50":-1.3999999999999986,"consumer_confidence":104.2}