{"as_of":"2025-11-26T03:21:55.512337Z","reddit_sentiment":0.045726999999999976,"trends_inflation_z":1.6439392172491925,"ism_pmi_dev_from_50":-1.3999999999999986,"consumer_confidence":104.2}