{"as_of":"2026-02-22T04:25:29.421065Z","reddit_sentiment":0.04246100000000002,"trends_inflation_z":-0.32101924878729776,"ism_pmi_dev_from_50":-1.3999999999999986,"consumer_confidence":104.2}