{"as_of":"2026-01-07T03:46:04.370012Z","reddit_sentiment":-0.12,"trends_inflation_z":1.545633814677652,"ism_pmi_dev_from_50":-1.3999999999999986,"consumer_confidence":104.2}