{"as_of":"2025-09-23T13:54:01.908836Z","reddit_sentiment":0.04752,"trends_inflation_z":2.011561116264485,"ism_pmi_dev_from_50":-1.3999999999999986,"consumer_confidence":104.2}