{"as_of":"2026-01-03T03:38:07.204320Z","reddit_sentiment":0.07657600000000002,"trends_inflation_z":0.04954573644987149,"ism_pmi_dev_from_50":-1.3999999999999986,"consumer_confidence":104.2}