{"as_of":"2026-01-11T03:56:59.074049Z","reddit_sentiment":0.12220899999999998,"trends_inflation_z":-1.1840576949359627,"ism_pmi_dev_from_50":-1.3999999999999986,"consumer_confidence":104.2}