{"as_of":"2026-01-06T03:45:41.741619Z","reddit_sentiment":-0.12,"trends_inflation_z":2.2659357871218235,"ism_pmi_dev_from_50":-1.3999999999999986,"consumer_confidence":104.2}