{"as_of":"2026-01-24T03:43:23.954695Z","reddit_sentiment":0.035072000000000034,"trends_inflation_z":-0.48302511761482425,"ism_pmi_dev_from_50":-1.3999999999999986,"consumer_confidence":104.2}