{"as_of":"2026-01-13T03:45:49.696354Z","reddit_sentiment":0.015972,"trends_inflation_z":0.8,"ism_pmi_dev_from_50":-1.3999999999999986,"consumer_confidence":104.2}