{"as_of":"2025-12-14T03:44:30.887288Z","reddit_sentiment":0.016506000000000003,"trends_inflation_z":-0.862266652545383,"ism_pmi_dev_from_50":-1.3999999999999986,"consumer_confidence":104.2}