{"as_of":"2026-02-05T04:22:22.929729Z","reddit_sentiment":0.023465999999999997,"trends_inflation_z":0.40543736097099625,"ism_pmi_dev_from_50":-1.3999999999999986,"consumer_confidence":104.2}