{"as_of":"2025-10-10T03:08:21.280836Z","reddit_sentiment":0.029451000000000015,"trends_inflation_z":0.6921387412637233,"ism_pmi_dev_from_50":-1.3999999999999986,"consumer_confidence":104.2}