{"as_of":"2025-11-07T03:18:16.282428Z","reddit_sentiment":-0.005226000000000003,"trends_inflation_z":0.6509009573433792,"ism_pmi_dev_from_50":-1.3999999999999986,"consumer_confidence":104.2}