{"as_of":"2026-01-14T03:54:23.315876Z","reddit_sentiment":0.008970999999999998,"trends_inflation_z":0.8,"ism_pmi_dev_from_50":-1.3999999999999986,"consumer_confidence":104.2}