{"as_of":"2025-11-13T03:21:22.934959Z","reddit_sentiment":0.030088000000000014,"trends_inflation_z":0.8,"ism_pmi_dev_from_50":-1.3999999999999986,"consumer_confidence":104.2}