{"as_of":"2025-09-28T03:14:39.331590Z","reddit_sentiment":0.017718000000000022,"trends_inflation_z":-0.05854236165382096,"ism_pmi_dev_from_50":-1.3999999999999986,"consumer_confidence":104.2}