{"as_of":"2025-11-10T03:34:11.407983Z","reddit_sentiment":0.066609,"trends_inflation_z":0.8,"ism_pmi_dev_from_50":-1.3999999999999986,"consumer_confidence":104.2}