{"as_of":"2025-12-05T03:34:42.975901Z","reddit_sentiment":0.041027999999999974,"trends_inflation_z":1.6136524032151418,"ism_pmi_dev_from_50":-1.3999999999999986,"consumer_confidence":104.2}