{"as_of":"2025-12-24T03:40:33.498641Z","reddit_sentiment":0.06884199999999999,"trends_inflation_z":-0.13066845866961263,"ism_pmi_dev_from_50":-1.3999999999999986,"consumer_confidence":104.2}