{"as_of":"2025-11-09T03:19:43.590856Z","reddit_sentiment":0.056080999999999985,"trends_inflation_z":0.26683254747923546,"ism_pmi_dev_from_50":-1.3999999999999986,"consumer_confidence":104.2}