{"as_of":"2026-01-09T03:46:32.599432Z","reddit_sentiment":0.036983999999999996,"trends_inflation_z":-0.09396501720669888,"ism_pmi_dev_from_50":-1.3999999999999986,"consumer_confidence":104.2}