{"as_of":"2026-02-20T04:22:33.340622Z","reddit_sentiment":0.021909000000000015,"trends_inflation_z":-0.888722215778956,"ism_pmi_dev_from_50":-1.3999999999999986,"consumer_confidence":104.2}