{"as_of":"2026-02-07T04:16:04.050161Z","reddit_sentiment":0.02949,"trends_inflation_z":-0.9861146091568999,"ism_pmi_dev_from_50":-1.3999999999999986,"consumer_confidence":104.2}