{"as_of":"2026-01-12T03:56:43.186389Z","reddit_sentiment":0.018832,"trends_inflation_z":0.8,"ism_pmi_dev_from_50":-1.3999999999999986,"consumer_confidence":104.2}