{"as_of":"2026-02-26T04:24:29.572983Z","reddit_sentiment":-0.04043100000000001,"trends_inflation_z":0.31510343044083666,"ism_pmi_dev_from_50":-1.3999999999999986,"consumer_confidence":104.2}