{"as_of":"2026-02-24T04:26:02.843679Z","reddit_sentiment":0.014650999999999996,"trends_inflation_z":0.2895247058701554,"ism_pmi_dev_from_50":-1.3999999999999986,"consumer_confidence":104.2}