{"as_of":"2026-02-21T04:14:01.362083Z","reddit_sentiment":0.04610500000000001,"trends_inflation_z":-0.4937216662960716,"ism_pmi_dev_from_50":-1.3999999999999986,"consumer_confidence":104.2}