{"as_of":"2025-09-11T07:55:18.323109Z","reddit_sentiment":0.025387,"trends_inflation_z":0.8,"ism_pmi_dev_from_50":-1.3999999999999986,"consumer_confidence":104.2}