{"as_of":"2026-01-08T03:46:27.511363Z","reddit_sentiment":0.048740999999999986,"trends_inflation_z":1.3682520602796375,"ism_pmi_dev_from_50":-1.3999999999999986,"consumer_confidence":104.2}