{"as_of":"2025-10-06T03:09:26.580208Z","reddit_sentiment":0.012874999999999987,"trends_inflation_z":0.0035350931686769175,"ism_pmi_dev_from_50":-1.3999999999999986,"consumer_confidence":104.2}