{"as_of":"2025-11-02T03:21:31.728610Z","reddit_sentiment":-0.12,"trends_inflation_z":-0.8556411584376746,"ism_pmi_dev_from_50":-1.3999999999999986,"consumer_confidence":104.2}