{"as_of":"2026-01-10T03:40:06.702565Z","reddit_sentiment":0.04282999999999998,"trends_inflation_z":-0.7932154368938596,"ism_pmi_dev_from_50":-1.3999999999999986,"consumer_confidence":104.2}