{"as_of":"2025-10-26T03:16:36.240467Z","reddit_sentiment":0.06861400000000001,"trends_inflation_z":-0.5570780179374828,"ism_pmi_dev_from_50":-1.3999999999999986,"consumer_confidence":104.2}