{"as_of":"2026-03-01T04:29:54.880993Z","reddit_sentiment":-0.0016430000000000034,"trends_inflation_z":-0.6861640619931725,"ism_pmi_dev_from_50":-1.3999999999999986,"consumer_confidence":104.2}