{"as_of":"2025-12-02T03:34:39.656895Z","reddit_sentiment":0.023421000000000008,"trends_inflation_z":1.4488778979840515,"ism_pmi_dev_from_50":-1.3999999999999986,"consumer_confidence":104.2}