{"as_of":"2026-02-02T04:31:57.032155Z","reddit_sentiment":-0.006733000000000004,"trends_inflation_z":0.09204552571939899,"ism_pmi_dev_from_50":-1.3999999999999986,"consumer_confidence":104.2}