{"as_of":"2025-12-04T03:36:00.656912Z","reddit_sentiment":-0.034972,"trends_inflation_z":1.3340230181538726,"ism_pmi_dev_from_50":-1.3999999999999986,"consumer_confidence":104.2}