{"as_of":"2026-01-19T03:57:46.343420Z","reddit_sentiment":0.05020700000000001,"trends_inflation_z":-0.8741542064606546,"ism_pmi_dev_from_50":-1.3999999999999986,"consumer_confidence":104.2}