{"as_of":"2025-12-11T03:40:39.175079Z","reddit_sentiment":-0.018886999999999998,"trends_inflation_z":0.8,"ism_pmi_dev_from_50":-1.3999999999999986,"consumer_confidence":104.2}