{"as_of":"2026-03-16T04:47:48.259260Z","reddit_sentiment":-0.009030999999999994,"trends_inflation_z":-0.2118213063669072,"ism_pmi_dev_from_50":-1.3999999999999986,"consumer_confidence":104.2}