{"as_of":"2025-11-27T03:19:19.203594Z","indices":{"SPY":{"direction_prob_up":0.668,"expected_move_pct":0.185,"interval_pct":{"p50_low":-0.1452640258487995,"p50_high":0.5147359741512005,"p80_low":-0.5952640258487996,"p80_high":0.9647359741512005}},"DIA":{"direction_prob_up":0.668,"expected_move_pct":0.185,"interval_pct":{"p50_low":-0.1452640258487995,"p50_high":0.5147359741512005,"p80_low":-0.5952640258487996,"p80_high":0.9647359741512005}}},"meta":{"model":"stub_model_v0"}}