{"as_of":"2026-03-10T04:18:01.655920Z","indices":{"SPY":{"direction_prob_up":0.494,"expected_move_pct":-0.006,"interval_pct":{"p50_low":-0.33606112608939975,"p50_high":0.3239388739106003,"p80_low":-0.7860611260893998,"p80_high":0.7739388739106002}},"DIA":{"direction_prob_up":0.494,"expected_move_pct":-0.006,"interval_pct":{"p50_low":-0.33606112608939975,"p50_high":0.3239388739106003,"p80_low":-0.7860611260893998,"p80_high":0.7739388739106002}}},"meta":{"model":"stub_model_v0"}}