{"as_of":"2025-12-11T03:40:41.489561Z","indices":{"SPY":{"direction_prob_up":0.619,"expected_move_pct":0.131,"interval_pct":{"p50_low":-0.19940513999999998,"p50_high":0.46059486000000005,"p80_low":-0.64940514,"p80_high":0.91059486}},"DIA":{"direction_prob_up":0.619,"expected_move_pct":0.131,"interval_pct":{"p50_low":-0.19940513999999998,"p50_high":0.46059486000000005,"p80_low":-0.64940514,"p80_high":0.91059486}}},"meta":{"model":"stub_model_v0"}}