{"as_of":"2025-09-27T03:02:27.927162Z","indices":{"SPY":{"direction_prob_up":0.702,"expected_move_pct":0.222,"interval_pct":{"p50_low":-0.10834052506766786,"p50_high":0.5516594749323321,"p80_low":-0.5583405250676678,"p80_high":1.0016594749323322}},"DIA":{"direction_prob_up":0.702,"expected_move_pct":0.222,"interval_pct":{"p50_low":-0.10834052506766786,"p50_high":0.5516594749323321,"p80_low":-0.5583405250676678,"p80_high":1.0016594749323322}}},"meta":{"model":"stub_model_v0"}}