{"as_of":"2025-09-11T08:09:52.703408Z","indices":{"SPY":{"direction_prob_up":0.625,"expected_move_pct":0.138,"interval_pct":{"p50_low":-0.19249956000000001,"p50_high":0.46750044,"p80_low":-0.6424995600000001,"p80_high":0.91750044}},"DIA":{"direction_prob_up":0.625,"expected_move_pct":0.138,"interval_pct":{"p50_low":-0.19249956000000001,"p50_high":0.46750044,"p80_low":-0.6424995600000001,"p80_high":0.91750044}}},"meta":{"model":"stub_model_v0"}}