{"as_of":"2025-10-15T03:12:50.966110Z","indices":{"SPY":{"direction_prob_up":0.627,"expected_move_pct":0.14,"interval_pct":{"p50_low":-0.19040472000000003,"p50_high":0.46959528,"p80_low":-0.64040472,"p80_high":0.91959528}},"DIA":{"direction_prob_up":0.627,"expected_move_pct":0.14,"interval_pct":{"p50_low":-0.19040472000000003,"p50_high":0.46959528,"p80_low":-0.64040472,"p80_high":0.91959528}}},"meta":{"model":"stub_model_v0"}}