{"as_of":"2025-11-20T03:17:42.461913Z","indices":{"SPY":{"direction_prob_up":0.792,"expected_move_pct":0.322,"interval_pct":{"p50_low":-0.008493717192731898,"p50_high":0.6515062828072682,"p80_low":-0.4584937171927319,"p80_high":1.1015062828072681}},"DIA":{"direction_prob_up":0.792,"expected_move_pct":0.322,"interval_pct":{"p50_low":-0.008493717192731898,"p50_high":0.6515062828072682,"p80_low":-0.4584937171927319,"p80_high":1.1015062828072681}}},"meta":{"model":"stub_model_v0"}}