{"as_of":"2025-11-17T03:32:17.952608Z","indices":{"SPY":{"direction_prob_up":0.903,"expected_move_pct":0.443,"interval_pct":{"p50_low":0.11341366354201188,"p50_high":0.7734136635420119,"p80_low":-0.33658633645798813,"p80_high":1.2234136635420119}},"DIA":{"direction_prob_up":0.903,"expected_move_pct":0.443,"interval_pct":{"p50_low":0.11341366354201188,"p50_high":0.7734136635420119,"p80_low":-0.33658633645798813,"p80_high":1.2234136635420119}}},"meta":{"model":"stub_model_v0"}}