{"as_of":"2025-10-25T03:11:00.630017Z","indices":{"SPY":{"direction_prob_up":0.551,"expected_move_pct":0.056,"interval_pct":{"p50_low":-0.27396510921603356,"p50_high":0.38603489078396647,"p80_low":-0.7239651092160335,"p80_high":0.8360348907839665}},"DIA":{"direction_prob_up":0.551,"expected_move_pct":0.056,"interval_pct":{"p50_low":-0.27396510921603356,"p50_high":0.38603489078396647,"p80_low":-0.7239651092160335,"p80_high":0.8360348907839665}}},"meta":{"model":"stub_model_v0"}}