{"as_of":"2026-01-19T03:57:48.945700Z","indices":{"SPY":{"direction_prob_up":0.34,"expected_move_pct":-0.176,"interval_pct":{"p50_low":-0.5064791447436761,"p50_high":0.15352085525632403,"p80_low":-0.956479144743676,"p80_high":0.603520855256324}},"DIA":{"direction_prob_up":0.34,"expected_move_pct":-0.176,"interval_pct":{"p50_low":-0.5064791447436761,"p50_high":0.15352085525632403,"p80_low":-0.956479144743676,"p80_high":0.603520855256324}}},"meta":{"model":"stub_model_v0"}}