{"as_of":"2026-02-08T04:38:15.276450Z","indices":{"SPY":{"direction_prob_up":0.377,"expected_move_pct":-0.135,"interval_pct":{"p50_low":-0.465375612604663,"p50_high":0.19462438739533702,"p80_low":-0.915375612604663,"p80_high":0.644624387395337}},"DIA":{"direction_prob_up":0.377,"expected_move_pct":-0.135,"interval_pct":{"p50_low":-0.465375612604663,"p50_high":0.19462438739533702,"p80_low":-0.915375612604663,"p80_high":0.644624387395337}}},"meta":{"model":"stub_model_v0"}}