{"as_of":"2025-12-12T03:40:27.958748Z","indices":{"SPY":{"direction_prob_up":0.733,"expected_move_pct":0.256,"interval_pct":{"p50_low":-0.07412609210672144,"p50_high":0.5858739078932786,"p80_low":-0.5241260921067215,"p80_high":1.0358739078932786}},"DIA":{"direction_prob_up":0.733,"expected_move_pct":0.256,"interval_pct":{"p50_low":-0.07412609210672144,"p50_high":0.5858739078932786,"p80_low":-0.5241260921067215,"p80_high":1.0358739078932786}}},"meta":{"model":"stub_model_v0"}}