{"as_of":"2025-10-28T03:15:57.396794Z","indices":{"SPY":{"direction_prob_up":0.421,"expected_move_pct":-0.087,"interval_pct":{"p50_low":-0.41676037896434415,"p50_high":0.24323962103565586,"p80_low":-0.8667603789643442,"p80_high":0.6932396210356558}},"DIA":{"direction_prob_up":0.421,"expected_move_pct":-0.087,"interval_pct":{"p50_low":-0.41676037896434415,"p50_high":0.24323962103565586,"p80_low":-0.8667603789643442,"p80_high":0.6932396210356558}}},"meta":{"model":"stub_model_v0"}}