{"as_of":"2026-01-10T03:40:09.357525Z","indices":{"SPY":{"direction_prob_up":0.352,"expected_move_pct":-0.163,"interval_pct":{"p50_low":-0.492521371602068,"p50_high":0.16747862839793204,"p80_low":-0.942521371602068,"p80_high":0.6174786283979321}},"DIA":{"direction_prob_up":0.352,"expected_move_pct":-0.163,"interval_pct":{"p50_low":-0.492521371602068,"p50_high":0.16747862839793204,"p80_low":-0.942521371602068,"p80_high":0.6174786283979321}}},"meta":{"model":"stub_model_v0"}}