{"as_of":"2025-12-01T03:58:08.966397Z","indices":{"SPY":{"direction_prob_up":0.737,"expected_move_pct":0.261,"interval_pct":{"p50_low":-0.06935105056077534,"p50_high":0.5906489494392246,"p80_low":-0.5193510505607754,"p80_high":1.0406489494392246}},"DIA":{"direction_prob_up":0.737,"expected_move_pct":0.261,"interval_pct":{"p50_low":-0.06935105056077534,"p50_high":0.5906489494392246,"p80_low":-0.5193510505607754,"p80_high":1.0406489494392246}}},"meta":{"model":"stub_model_v0"}}