{"as_of":"2025-10-02T03:04:30.395188Z","indices":{"SPY":{"direction_prob_up":0.536,"expected_move_pct":0.04,"interval_pct":{"p50_low":-0.29007326440684394,"p50_high":0.3699267355931561,"p80_low":-0.740073264406844,"p80_high":0.8199267355931561}},"DIA":{"direction_prob_up":0.536,"expected_move_pct":0.04,"interval_pct":{"p50_low":-0.29007326440684394,"p50_high":0.3699267355931561,"p80_low":-0.740073264406844,"p80_high":0.8199267355931561}}},"meta":{"model":"stub_model_v0"}}