{"as_of":"2025-10-13T03:17:26.767482Z","indices":{"SPY":{"direction_prob_up":0.581,"expected_move_pct":0.09,"interval_pct":{"p50_low":-0.2403675680521927,"p50_high":0.4196324319478073,"p80_low":-0.6903675680521927,"p80_high":0.8696324319478074}},"DIA":{"direction_prob_up":0.581,"expected_move_pct":0.09,"interval_pct":{"p50_low":-0.2403675680521927,"p50_high":0.4196324319478073,"p80_low":-0.6903675680521927,"p80_high":0.8696324319478074}}},"meta":{"model":"stub_model_v0"}}