{"as_of":"2026-03-09T04:25:57.677382Z","indices":{"SPY":{"direction_prob_up":0.755,"expected_move_pct":0.281,"interval_pct":{"p50_low":-0.049072489782924056,"p50_high":0.6109275102170759,"p80_low":-0.49907248978292407,"p80_high":1.060927510217076}},"DIA":{"direction_prob_up":0.755,"expected_move_pct":0.281,"interval_pct":{"p50_low":-0.049072489782924056,"p50_high":0.6109275102170759,"p80_low":-0.49907248978292407,"p80_high":1.060927510217076}}},"meta":{"model":"stub_model_v0"}}