{"as_of":"2025-12-04T03:36:03.325006Z","indices":{"SPY":{"direction_prob_up":0.709,"expected_move_pct":0.23,"interval_pct":{"p50_low":-0.10014440900537955,"p50_high":0.5598555909946205,"p80_low":-0.5501444090053795,"p80_high":1.0098555909946205}},"DIA":{"direction_prob_up":0.709,"expected_move_pct":0.23,"interval_pct":{"p50_low":-0.10014440900537955,"p50_high":0.5598555909946205,"p80_low":-0.5501444090053795,"p80_high":1.0098555909946205}}},"meta":{"model":"stub_model_v0"}}