{"as_of":"2026-01-06T03:45:43.449279Z","indices":{"SPY":{"direction_prob_up":0.855,"expected_move_pct":0.391,"interval_pct":{"p50_low":0.06054263902095103,"p50_high":0.7205426390209511,"p80_low":-0.389457360979049,"p80_high":1.170542639020951}},"DIA":{"direction_prob_up":0.855,"expected_move_pct":0.391,"interval_pct":{"p50_low":0.06054263902095103,"p50_high":0.7205426390209511,"p80_low":-0.389457360979049,"p80_high":1.170542639020951}}},"meta":{"model":"stub_model_v0"}}