{"as_of":"2026-01-05T04:02:30.385351Z","indices":{"SPY":{"direction_prob_up":0.533,"expected_move_pct":0.037,"interval_pct":{"p50_low":-0.2932925846945634,"p50_high":0.36670741530543666,"p80_low":-0.7432925846945634,"p80_high":0.8167074153054367}},"DIA":{"direction_prob_up":0.533,"expected_move_pct":0.037,"interval_pct":{"p50_low":-0.2932925846945634,"p50_high":0.36670741530543666,"p80_low":-0.7432925846945634,"p80_high":0.8167074153054367}}},"meta":{"model":"stub_model_v0"}}