{"as_of":"2026-01-07T03:46:05.877961Z","indices":{"SPY":{"direction_prob_up":0.729,"expected_move_pct":0.252,"interval_pct":{"p50_low":-0.07811549067455198,"p50_high":0.5818845093254481,"p80_low":-0.528115490674552,"p80_high":1.031884509325448}},"DIA":{"direction_prob_up":0.729,"expected_move_pct":0.252,"interval_pct":{"p50_low":-0.07811549067455198,"p50_high":0.5818845093254481,"p80_low":-0.528115490674552,"p80_high":1.031884509325448}}},"meta":{"model":"stub_model_v0"}}