{"as_of":"2026-02-13T04:28:37.881148Z","indices":{"SPY":{"direction_prob_up":0.58,"expected_move_pct":0.088,"interval_pct":{"p50_low":-0.24206179325738386,"p50_high":0.41793820674261617,"p80_low":-0.6920617932573839,"p80_high":0.8679382067426161}},"DIA":{"direction_prob_up":0.58,"expected_move_pct":0.088,"interval_pct":{"p50_low":-0.24206179325738386,"p50_high":0.41793820674261617,"p80_low":-0.6920617932573839,"p80_high":0.8679382067426161}}},"meta":{"model":"stub_model_v0"}}