{"as_of":"2026-01-23T03:50:05.867597Z","indices":{"SPY":{"direction_prob_up":0.483,"expected_move_pct":-0.019,"interval_pct":{"p50_low":-0.34850606167714,"p50_high":0.31149393832286004,"p80_low":-0.79850606167714,"p80_high":0.76149393832286}},"DIA":{"direction_prob_up":0.483,"expected_move_pct":-0.019,"interval_pct":{"p50_low":-0.34850606167714,"p50_high":0.31149393832286004,"p80_low":-0.79850606167714,"p80_high":0.76149393832286}}},"meta":{"model":"stub_model_v0"}}