{"as_of":"2025-12-19T03:39:56.815868Z","indices":{"SPY":{"direction_prob_up":0.64,"expected_move_pct":0.154,"interval_pct":{"p50_low":-0.17630889335221908,"p50_high":0.4836911066477809,"p80_low":-0.6263088933522191,"p80_high":0.933691106647781}},"DIA":{"direction_prob_up":0.64,"expected_move_pct":0.154,"interval_pct":{"p50_low":-0.17630889335221908,"p50_high":0.4836911066477809,"p80_low":-0.6263088933522191,"p80_high":0.933691106647781}}},"meta":{"model":"stub_model_v0"}}