{"as_of":"2025-10-08T03:04:59.523898Z","indices":{"SPY":{"direction_prob_up":0.85,"expected_move_pct":0.385,"interval_pct":{"p50_low":0.055256688238637997,"p50_high":0.715256688238638,"p80_low":-0.394743311761362,"p80_high":1.165256688238638}},"DIA":{"direction_prob_up":0.85,"expected_move_pct":0.385,"interval_pct":{"p50_low":0.055256688238637997,"p50_high":0.715256688238638,"p80_low":-0.394743311761362,"p80_high":1.165256688238638}}},"meta":{"model":"stub_model_v0"}}