{"as_of":"2025-12-25T03:43:17.562982Z","indices":{"SPY":{"direction_prob_up":0.644,"expected_move_pct":0.159,"interval_pct":{"p50_low":-0.17111379503046734,"p50_high":0.4888862049695327,"p80_low":-0.6211137950304674,"p80_high":0.9388862049695327}},"DIA":{"direction_prob_up":0.644,"expected_move_pct":0.159,"interval_pct":{"p50_low":-0.17111379503046734,"p50_high":0.4888862049695327,"p80_low":-0.6211137950304674,"p80_high":0.9388862049695327}}},"meta":{"model":"stub_model_v0"}}