{"as_of":"2025-11-16T03:32:36.252799Z","indices":{"SPY":{"direction_prob_up":0.389,"expected_move_pct":-0.122,"interval_pct":{"p50_low":-0.45217688914563525,"p50_high":0.20782311085436478,"p80_low":-0.9021768891456353,"p80_high":0.6578231108543647}},"DIA":{"direction_prob_up":0.389,"expected_move_pct":-0.122,"interval_pct":{"p50_low":-0.45217688914563525,"p50_high":0.20782311085436478,"p80_low":-0.9021768891456353,"p80_high":0.6578231108543647}}},"meta":{"model":"stub_model_v0"}}