{"as_of":"2025-12-16T03:41:17.593428Z","indices":{"SPY":{"direction_prob_up":0.519,"expected_move_pct":0.021,"interval_pct":{"p50_low":-0.30910199553355117,"p50_high":0.35089800446644887,"p80_low":-0.7591019955335512,"p80_high":0.8008980044664489}},"DIA":{"direction_prob_up":0.519,"expected_move_pct":0.021,"interval_pct":{"p50_low":-0.30910199553355117,"p50_high":0.35089800446644887,"p80_low":-0.7591019955335512,"p80_high":0.8008980044664489}}},"meta":{"model":"stub_model_v0"}}