{"as_of":"2026-01-22T03:54:52.806799Z","indices":{"SPY":{"direction_prob_up":0.577,"expected_move_pct":0.085,"interval_pct":{"p50_low":-0.24531716388292463,"p50_high":0.4146828361170754,"p80_low":-0.6953171638829246,"p80_high":0.8646828361170754}},"DIA":{"direction_prob_up":0.577,"expected_move_pct":0.085,"interval_pct":{"p50_low":-0.24531716388292463,"p50_high":0.4146828361170754,"p80_low":-0.6953171638829246,"p80_high":0.8646828361170754}}},"meta":{"model":"stub_model_v0"}}