{"as_of":"2026-03-19T04:30:25.258158Z","indices":{"SPY":{"direction_prob_up":0.846,"expected_move_pct":0.381,"interval_pct":{"p50_low":0.05080429436115225,"p50_high":0.7108042943611523,"p80_low":-0.39919570563884776,"p80_high":1.1608042943611523}},"DIA":{"direction_prob_up":0.846,"expected_move_pct":0.381,"interval_pct":{"p50_low":0.05080429436115225,"p50_high":0.7108042943611523,"p80_low":-0.39919570563884776,"p80_high":1.1608042943611523}}},"meta":{"model":"stub_model_v0"}}