{"as_of":"2026-03-07T04:07:16.437356Z","indices":{"SPY":{"direction_prob_up":0.541,"expected_move_pct":0.045,"interval_pct":{"p50_low":-0.28460432299573535,"p50_high":0.3753956770042647,"p80_low":-0.7346043229957354,"p80_high":0.8253956770042646}},"DIA":{"direction_prob_up":0.541,"expected_move_pct":0.045,"interval_pct":{"p50_low":-0.28460432299573535,"p50_high":0.3753956770042647,"p80_low":-0.7346043229957354,"p80_high":0.8253956770042646}}},"meta":{"model":"stub_model_v0"}}