{"as_of":"2026-02-15T04:29:51.231993Z","indices":{"SPY":{"direction_prob_up":0.416,"expected_move_pct":-0.093,"interval_pct":{"p50_low":-0.422637599804093,"p50_high":0.23736240019590701,"p80_low":-0.8726375998040931,"p80_high":0.687362400195907}},"DIA":{"direction_prob_up":0.416,"expected_move_pct":-0.093,"interval_pct":{"p50_low":-0.422637599804093,"p50_high":0.23736240019590701,"p80_low":-0.8726375998040931,"p80_high":0.687362400195907}}},"meta":{"model":"stub_model_v0"}}