{"as_of":"2025-09-24T03:06:22.700758Z","indices":{"SPY":{"direction_prob_up":0.706,"expected_move_pct":0.227,"interval_pct":{"p50_low":-0.10316420877826568,"p50_high":0.5568357912217343,"p80_low":-0.5531642087782657,"p80_high":1.0068357912217343}},"DIA":{"direction_prob_up":0.706,"expected_move_pct":0.227,"interval_pct":{"p50_low":-0.10316420877826568,"p50_high":0.5568357912217343,"p80_low":-0.5531642087782657,"p80_high":1.0068357912217343}}},"meta":{"model":"stub_model_v0"}}