{"as_of":"2026-03-13T04:20:26.340065Z","indices":{"SPY":{"direction_prob_up":0.375,"expected_move_pct":-0.138,"interval_pct":{"p50_low":-0.4677085716977357,"p50_high":0.1922914283022643,"p80_low":-0.9177085716977358,"p80_high":0.6422914283022643}},"DIA":{"direction_prob_up":0.375,"expected_move_pct":-0.138,"interval_pct":{"p50_low":-0.4677085716977357,"p50_high":0.1922914283022643,"p80_low":-0.9177085716977358,"p80_high":0.6422914283022643}}},"meta":{"model":"stub_model_v0"}}