{"as_of":"2025-11-23T03:42:16.266543Z","indices":{"SPY":{"direction_prob_up":0.477,"expected_move_pct":-0.026,"interval_pct":{"p50_low":-0.3555501188969879,"p50_high":0.30444988110301213,"p80_low":-0.8055501188969879,"p80_high":0.7544498811030121}},"DIA":{"direction_prob_up":0.477,"expected_move_pct":-0.026,"interval_pct":{"p50_low":-0.3555501188969879,"p50_high":0.30444988110301213,"p80_low":-0.8055501188969879,"p80_high":0.7544498811030121}}},"meta":{"model":"stub_model_v0"}}