{"as_of":"2026-02-17T04:26:53.527193Z","indices":{"SPY":{"direction_prob_up":0.489,"expected_move_pct":-0.012,"interval_pct":{"p50_low":-0.3420830294658471,"p50_high":0.3179169705341529,"p80_low":-0.7920830294658471,"p80_high":0.767916970534153}},"DIA":{"direction_prob_up":0.489,"expected_move_pct":-0.012,"interval_pct":{"p50_low":-0.3420830294658471,"p50_high":0.3179169705341529,"p80_low":-0.7920830294658471,"p80_high":0.767916970534153}}},"meta":{"model":"stub_model_v0"}}