{"as_of":"2025-12-13T03:31:12.547558Z","indices":{"SPY":{"direction_prob_up":0.496,"expected_move_pct":-0.004,"interval_pct":{"p50_low":-0.3344966028007673,"p50_high":0.3255033971992327,"p80_low":-0.7844966028007674,"p80_high":0.7755033971992327}},"DIA":{"direction_prob_up":0.496,"expected_move_pct":-0.004,"interval_pct":{"p50_low":-0.3344966028007673,"p50_high":0.3255033971992327,"p80_low":-0.7844966028007674,"p80_high":0.7755033971992327}}},"meta":{"model":"stub_model_v0"}}