{"as_of":"2025-12-31T03:44:02.394606Z","indices":{"SPY":{"direction_prob_up":0.575,"expected_move_pct":0.083,"interval_pct":{"p50_low":-0.2474462416813183,"p50_high":0.41255375831868174,"p80_low":-0.6974462416813183,"p80_high":0.8625537583186818}},"DIA":{"direction_prob_up":0.575,"expected_move_pct":0.083,"interval_pct":{"p50_low":-0.2474462416813183,"p50_high":0.41255375831868174,"p80_low":-0.6974462416813183,"p80_high":0.8625537583186818}}},"meta":{"model":"stub_model_v0"}}