{"as_of":"2026-02-03T04:22:19.121755Z","indices":{"SPY":{"direction_prob_up":0.599,"expected_move_pct":0.108,"interval_pct":{"p50_low":-0.22165,"p50_high":0.43835,"p80_low":-0.67165,"p80_high":0.8883500000000001}},"DIA":{"direction_prob_up":0.599,"expected_move_pct":0.108,"interval_pct":{"p50_low":-0.22165,"p50_high":0.43835,"p80_low":-0.67165,"p80_high":0.8883500000000001}}},"meta":{"model":"stub_model_v0"}}