{"as_of":"2026-01-31T04:12:33.390903Z","indices":{"SPY":{"direction_prob_up":0.493,"expected_move_pct":-0.008,"interval_pct":{"p50_low":-0.3376155169856954,"p50_high":0.3223844830143046,"p80_low":-0.7876155169856954,"p80_high":0.7723844830143046}},"DIA":{"direction_prob_up":0.493,"expected_move_pct":-0.008,"interval_pct":{"p50_low":-0.3376155169856954,"p50_high":0.3223844830143046,"p80_low":-0.7876155169856954,"p80_high":0.7723844830143046}}},"meta":{"model":"stub_model_v0"}}