{"as_of":"2025-10-23T03:11:39.833206Z","indices":{"SPY":{"direction_prob_up":0.749,"expected_move_pct":0.274,"interval_pct":{"p50_low":-0.05594455141411292,"p50_high":0.6040554485858871,"p80_low":-0.505944551414113,"p80_high":1.054055448585887}},"DIA":{"direction_prob_up":0.749,"expected_move_pct":0.274,"interval_pct":{"p50_low":-0.05594455141411292,"p50_high":0.6040554485858871,"p80_low":-0.505944551414113,"p80_high":1.054055448585887}}},"meta":{"model":"stub_model_v0"}}