{"as_of":"2025-11-09T03:19:46.283290Z","indices":{"SPY":{"direction_prob_up":0.54,"expected_move_pct":0.044,"interval_pct":{"p50_low":-0.28554691461024717,"p50_high":0.37445308538975286,"p80_low":-0.7355469146102471,"p80_high":0.8244530853897529}},"DIA":{"direction_prob_up":0.54,"expected_move_pct":0.044,"interval_pct":{"p50_low":-0.28554691461024717,"p50_high":0.37445308538975286,"p80_low":-0.7355469146102471,"p80_high":0.8244530853897529}}},"meta":{"model":"stub_model_v0"}}