{"as_of":"2025-12-05T03:34:46.000918Z","indices":{"SPY":{"direction_prob_up":0.773,"expected_move_pct":0.3,"interval_pct":{"p50_low":-0.029595752381085194,"p50_high":0.6304042476189149,"p80_low":-0.4795957523810852,"p80_high":1.0804042476189148}},"DIA":{"direction_prob_up":0.773,"expected_move_pct":0.3,"interval_pct":{"p50_low":-0.029595752381085194,"p50_high":0.6304042476189149,"p80_low":-0.4795957523810852,"p80_high":1.0804042476189148}}},"meta":{"model":"stub_model_v0"}}