{"as_of":"2026-01-18T03:52:48.281957Z","indices":{"SPY":{"direction_prob_up":0.304,"expected_move_pct":-0.215,"interval_pct":{"p50_low":-0.5453562577634031,"p50_high":0.1146437422365969,"p80_low":-0.9953562577634032,"p80_high":0.5646437422365969}},"DIA":{"direction_prob_up":0.304,"expected_move_pct":-0.215,"interval_pct":{"p50_low":-0.5453562577634031,"p50_high":0.1146437422365969,"p80_low":-0.9953562577634032,"p80_high":0.5646437422365969}}},"meta":{"model":"stub_model_v0"}}