{"as_of":"2025-10-11T03:02:15.832259Z","indices":{"SPY":{"direction_prob_up":0.359,"expected_move_pct":-0.155,"interval_pct":{"p50_low":-0.4851280282174568,"p50_high":0.17487197178254324,"p80_low":-0.9351280282174568,"p80_high":0.6248719717825433}},"DIA":{"direction_prob_up":0.359,"expected_move_pct":-0.155,"interval_pct":{"p50_low":-0.4851280282174568,"p50_high":0.17487197178254324,"p80_low":-0.9351280282174568,"p80_high":0.6248719717825433}}},"meta":{"model":"stub_model_v0"}}