{"as_of":"2026-03-08T04:19:52.124912Z","indices":{"SPY":{"direction_prob_up":0.473,"expected_move_pct":-0.03,"interval_pct":{"p50_low":-0.35954110541585493,"p50_high":0.3004588945841451,"p80_low":-0.809541105415855,"p80_high":0.750458894584145}},"DIA":{"direction_prob_up":0.473,"expected_move_pct":-0.03,"interval_pct":{"p50_low":-0.35954110541585493,"p50_high":0.3004588945841451,"p80_low":-0.809541105415855,"p80_high":0.750458894584145}}},"meta":{"model":"stub_model_v0"}}