{"as_of":"2026-02-21T04:14:03.914804Z","indices":{"SPY":{"direction_prob_up":0.405,"expected_move_pct":-0.104,"interval_pct":{"p50_low":-0.4341483207619938,"p50_high":0.22585167923800625,"p80_low":-0.8841483207619938,"p80_high":0.6758516792380063}},"DIA":{"direction_prob_up":0.405,"expected_move_pct":-0.104,"interval_pct":{"p50_low":-0.4341483207619938,"p50_high":0.22585167923800625,"p80_low":-0.8841483207619938,"p80_high":0.6758516792380063}}},"meta":{"model":"stub_model_v0"}}