{"as_of":"2026-03-06T04:17:12.923471Z","indices":{"SPY":{"direction_prob_up":0.466,"expected_move_pct":-0.038,"interval_pct":{"p50_low":-0.36781288591653793,"p50_high":0.2921871140834621,"p80_low":-0.8178128859165379,"p80_high":0.7421871140834622}},"DIA":{"direction_prob_up":0.466,"expected_move_pct":-0.038,"interval_pct":{"p50_low":-0.36781288591653793,"p50_high":0.2921871140834621,"p80_low":-0.8178128859165379,"p80_high":0.7421871140834622}}},"meta":{"model":"stub_model_v0"}}