{"as_of":"2026-02-07T04:16:06.273208Z","indices":{"SPY":{"direction_prob_up":0.316,"expected_move_pct":-0.203,"interval_pct":{"p50_low":-0.5325892622627033,"p50_high":0.12741073773729678,"p80_low":-0.9825892622627033,"p80_high":0.5774107377372968}},"DIA":{"direction_prob_up":0.316,"expected_move_pct":-0.203,"interval_pct":{"p50_low":-0.5325892622627033,"p50_high":0.12741073773729678,"p80_low":-0.9825892622627033,"p80_high":0.5774107377372968}}},"meta":{"model":"stub_model_v0"}}