{"as_of":"2026-01-02T03:47:34.433311Z","indices":{"SPY":{"direction_prob_up":0.558,"expected_move_pct":0.064,"interval_pct":{"p50_low":-0.26596671637253294,"p50_high":0.3940332836274671,"p80_low":-0.715966716372533,"p80_high":0.8440332836274671}},"DIA":{"direction_prob_up":0.558,"expected_move_pct":0.064,"interval_pct":{"p50_low":-0.26596671637253294,"p50_high":0.3940332836274671,"p80_low":-0.715966716372533,"p80_high":0.8440332836274671}}},"meta":{"model":"stub_model_v0"}}