{"as_of":"2025-12-15T03:49:11.843602Z","indices":{"SPY":{"direction_prob_up":0.492,"expected_move_pct":-0.009,"interval_pct":{"p50_low":-0.33890411586453584,"p50_high":0.3210958841354642,"p80_low":-0.7889041158645358,"p80_high":0.7710958841354643}},"DIA":{"direction_prob_up":0.492,"expected_move_pct":-0.009,"interval_pct":{"p50_low":-0.33890411586453584,"p50_high":0.3210958841354642,"p80_low":-0.7889041158645358,"p80_high":0.7710958841354643}}},"meta":{"model":"stub_model_v0"}}