{"as_of":"2026-01-20T03:51:45.112396Z","indices":{"SPY":{"direction_prob_up":0.365,"expected_move_pct":-0.149,"interval_pct":{"p50_low":-0.47879614562190487,"p50_high":0.1812038543780952,"p80_low":-0.9287961456219048,"p80_high":0.6312038543780952}},"DIA":{"direction_prob_up":0.365,"expected_move_pct":-0.149,"interval_pct":{"p50_low":-0.47879614562190487,"p50_high":0.1812038543780952,"p80_low":-0.9287961456219048,"p80_high":0.6312038543780952}}},"meta":{"model":"stub_model_v0"}}