{"as_of":"2026-03-20T04:22:00.431948Z","indices":{"SPY":{"direction_prob_up":0.584,"expected_move_pct":0.092,"interval_pct":{"p50_low":-0.2380913251319533,"p50_high":0.42190867486804673,"p80_low":-0.6880913251319534,"p80_high":0.8719086748680467}},"DIA":{"direction_prob_up":0.584,"expected_move_pct":0.092,"interval_pct":{"p50_low":-0.2380913251319533,"p50_high":0.42190867486804673,"p80_low":-0.6880913251319534,"p80_high":0.8719086748680467}}},"meta":{"model":"stub_model_v0"}}