{"as_of":"2025-12-23T03:43:14.337818Z","indices":{"SPY":{"direction_prob_up":0.443,"expected_move_pct":-0.063,"interval_pct":{"p50_low":-0.3932323685409286,"p50_high":0.26676763145907145,"p80_low":-0.8432323685409286,"p80_high":0.7167676314590714}},"DIA":{"direction_prob_up":0.443,"expected_move_pct":-0.063,"interval_pct":{"p50_low":-0.3932323685409286,"p50_high":0.26676763145907145,"p80_low":-0.8432323685409286,"p80_high":0.7167676314590714}}},"meta":{"model":"stub_model_v0"}}