{"as_of":"2026-02-04T04:17:19.061125Z","indices":{"SPY":{"direction_prob_up":0.563,"expected_move_pct":0.069,"interval_pct":{"p50_low":-0.2606507734137839,"p50_high":0.39934922658621613,"p80_low":-0.7106507734137839,"p80_high":0.8493492265862161}},"DIA":{"direction_prob_up":0.563,"expected_move_pct":0.069,"interval_pct":{"p50_low":-0.2606507734137839,"p50_high":0.39934922658621613,"p80_low":-0.7106507734137839,"p80_high":0.8493492265862161}}},"meta":{"model":"stub_model_v0"}}