{"as_of":"2025-10-01T03:17:22.774184Z","indices":{"SPY":{"direction_prob_up":0.467,"expected_move_pct":-0.036,"interval_pct":{"p50_low":-0.36599153726436406,"p50_high":0.29400846273563597,"p80_low":-0.815991537264364,"p80_high":0.744008462735636}},"DIA":{"direction_prob_up":0.467,"expected_move_pct":-0.036,"interval_pct":{"p50_low":-0.36599153726436406,"p50_high":0.29400846273563597,"p80_low":-0.815991537264364,"p80_high":0.744008462735636}}},"meta":{"model":"stub_model_v0"}}