{"as_of":"2025-10-22T03:18:33.504759Z","indices":{"SPY":{"direction_prob_up":0.618,"expected_move_pct":0.13,"interval_pct":{"p50_low":-0.20047830000000003,"p50_high":0.45952170000000003,"p80_low":-0.6504783000000001,"p80_high":0.9095217}},"DIA":{"direction_prob_up":0.618,"expected_move_pct":0.13,"interval_pct":{"p50_low":-0.20047830000000003,"p50_high":0.45952170000000003,"p80_low":-0.6504783000000001,"p80_high":0.9095217}}},"meta":{"model":"stub_model_v0"}}