{"as_of":"2026-03-03T04:22:31.737982Z","indices":{"SPY":{"direction_prob_up":0.436,"expected_move_pct":-0.071,"interval_pct":{"p50_low":-0.4005704587749003,"p50_high":0.25942954122509976,"p80_low":-0.8505704587749003,"p80_high":0.7094295412250997}},"DIA":{"direction_prob_up":0.436,"expected_move_pct":-0.071,"interval_pct":{"p50_low":-0.4005704587749003,"p50_high":0.25942954122509976,"p80_low":-0.8505704587749003,"p80_high":0.7094295412250997}}},"meta":{"model":"stub_model_v0"}}