{"as_of":"2026-01-08T03:46:30.529883Z","indices":{"SPY":{"direction_prob_up":0.732,"expected_move_pct":0.255,"interval_pct":{"p50_low":-0.07513845839616978,"p50_high":0.5848615416038303,"p80_low":-0.5251384583961698,"p80_high":1.0348615416038303}},"DIA":{"direction_prob_up":0.732,"expected_move_pct":0.255,"interval_pct":{"p50_low":-0.07513845839616978,"p50_high":0.5848615416038303,"p80_low":-0.5251384583961698,"p80_high":1.0348615416038303}}},"meta":{"model":"stub_model_v0"}}