{"as_of":"2026-02-16T04:33:41.840428Z","indices":{"SPY":{"direction_prob_up":0.512,"expected_move_pct":0.013,"interval_pct":{"p50_low":-0.3172057314946848,"p50_high":0.34279426850531525,"p80_low":-0.7672057314946847,"p80_high":0.7927942685053153}},"DIA":{"direction_prob_up":0.512,"expected_move_pct":0.013,"interval_pct":{"p50_low":-0.3172057314946848,"p50_high":0.34279426850531525,"p80_low":-0.7672057314946847,"p80_high":0.7927942685053153}}},"meta":{"model":"stub_model_v0"}}