{"as_of":"2026-03-12T04:21:32.469938Z","indices":{"SPY":{"direction_prob_up":0.615,"expected_move_pct":0.126,"interval_pct":{"p50_low":-0.20381438000000002,"p50_high":0.45618562,"p80_low":-0.65381438,"p80_high":0.90618562}},"DIA":{"direction_prob_up":0.615,"expected_move_pct":0.126,"interval_pct":{"p50_low":-0.20381438000000002,"p50_high":0.45618562,"p80_low":-0.65381438,"p80_high":0.90618562}}},"meta":{"model":"stub_model_v0"}}