{"as_of":"2025-11-18T03:19:35.220753Z","indices":{"SPY":{"direction_prob_up":0.88,"expected_move_pct":0.419,"interval_pct":{"p50_low":0.08852909154249267,"p50_high":0.7485290915424927,"p80_low":-0.36147090845750735,"p80_high":1.1985290915424927}},"DIA":{"direction_prob_up":0.88,"expected_move_pct":0.419,"interval_pct":{"p50_low":0.08852909154249267,"p50_high":0.7485290915424927,"p80_low":-0.36147090845750735,"p80_high":1.1985290915424927}}},"meta":{"model":"stub_model_v0"}}