{"as_of":"2025-11-14T03:20:00.472401Z","indices":{"SPY":{"direction_prob_up":0.63,"expected_move_pct":0.143,"interval_pct":{"p50_low":-0.18735772,"p50_high":0.47264228,"p80_low":-0.63735772,"p80_high":0.92264228}},"DIA":{"direction_prob_up":0.63,"expected_move_pct":0.143,"interval_pct":{"p50_low":-0.18735772,"p50_high":0.47264228,"p80_low":-0.63735772,"p80_high":0.92264228}}},"meta":{"model":"stub_model_v0"}}