{"as_of":"2025-10-17T03:09:33.435947Z","indices":{"SPY":{"direction_prob_up":0.583,"expected_move_pct":0.091,"interval_pct":{"p50_low":-0.23875680474745548,"p50_high":0.42124319525254456,"p80_low":-0.6887568047474555,"p80_high":0.8712431952525446}},"DIA":{"direction_prob_up":0.583,"expected_move_pct":0.091,"interval_pct":{"p50_low":-0.23875680474745548,"p50_high":0.42124319525254456,"p80_low":-0.6887568047474555,"p80_high":0.8712431952525446}}},"meta":{"model":"stub_model_v0"}}