{"as_of":"2025-11-10T03:34:13.516517Z","indices":{"SPY":{"direction_prob_up":0.636,"expected_move_pct":0.149,"interval_pct":{"p50_low":-0.18059602000000002,"p50_high":0.47940398,"p80_low":-0.63059602,"p80_high":0.92940398}},"DIA":{"direction_prob_up":0.636,"expected_move_pct":0.149,"interval_pct":{"p50_low":-0.18059602000000002,"p50_high":0.47940398,"p80_low":-0.63059602,"p80_high":0.92940398}}},"meta":{"model":"stub_model_v0"}}