{"as_of":"2026-02-11T04:37:07.404457Z","indices":{"SPY":{"direction_prob_up":0.56,"expected_move_pct":0.066,"interval_pct":{"p50_low":-0.2636710395557258,"p50_high":0.39632896044427424,"p80_low":-0.7136710395557259,"p80_high":0.8463289604442742}},"DIA":{"direction_prob_up":0.56,"expected_move_pct":0.066,"interval_pct":{"p50_low":-0.2636710395557258,"p50_high":0.39632896044427424,"p80_low":-0.7136710395557259,"p80_high":0.8463289604442742}}},"meta":{"model":"stub_model_v0"}}