{"as_of":"2026-02-06T04:22:52.038128Z","indices":{"SPY":{"direction_prob_up":0.507,"expected_move_pct":0.007,"interval_pct":{"p50_low":-0.3228043661919647,"p50_high":0.33719563380803536,"p80_low":-0.7728043661919647,"p80_high":0.7871956338080354}},"DIA":{"direction_prob_up":0.507,"expected_move_pct":0.007,"interval_pct":{"p50_low":-0.3228043661919647,"p50_high":0.33719563380803536,"p80_low":-0.7728043661919647,"p80_high":0.7871956338080354}}},"meta":{"model":"stub_model_v0"}}