{"as_of":"2026-03-05T04:19:59.786956Z","indices":{"SPY":{"direction_prob_up":0.442,"expected_move_pct":-0.064,"interval_pct":{"p50_low":-0.3938822563853797,"p50_high":0.2661177436146203,"p80_low":-0.8438822563853797,"p80_high":0.7161177436146203}},"DIA":{"direction_prob_up":0.442,"expected_move_pct":-0.064,"interval_pct":{"p50_low":-0.3938822563853797,"p50_high":0.2661177436146203,"p80_low":-0.8438822563853797,"p80_high":0.7161177436146203}}},"meta":{"model":"stub_model_v0"}}