{"as_of":"2026-02-10T04:38:19.027645Z","indices":{"SPY":{"direction_prob_up":0.515,"expected_move_pct":0.016,"interval_pct":{"p50_low":-0.3139131049067292,"p50_high":0.34608689509327084,"p80_low":-0.7639131049067291,"p80_high":0.7960868950932709}},"DIA":{"direction_prob_up":0.515,"expected_move_pct":0.016,"interval_pct":{"p50_low":-0.3139131049067292,"p50_high":0.34608689509327084,"p80_low":-0.7639131049067291,"p80_high":0.7960868950932709}}},"meta":{"model":"stub_model_v0"}}