{"as_of":"2026-01-09T03:46:35.295432Z","indices":{"SPY":{"direction_prob_up":0.473,"expected_move_pct":-0.029,"interval_pct":{"p50_low":-0.3592017858122895,"p50_high":0.3007982141877105,"p80_low":-0.8092017858122895,"p80_high":0.7507982141877105}},"DIA":{"direction_prob_up":0.473,"expected_move_pct":-0.029,"interval_pct":{"p50_low":-0.3592017858122895,"p50_high":0.3007982141877105,"p80_low":-0.8092017858122895,"p80_high":0.7507982141877105}}},"meta":{"model":"stub_model_v0"}}