{"as_of":"2026-01-26T04:03:42.423037Z","indices":{"SPY":{"direction_prob_up":0.616,"expected_move_pct":0.127,"interval_pct":{"p50_low":-0.20259805407090598,"p50_high":0.45740194592909406,"p80_low":-0.652598054070906,"p80_high":0.9074019459290941}},"DIA":{"direction_prob_up":0.616,"expected_move_pct":0.127,"interval_pct":{"p50_low":-0.20259805407090598,"p50_high":0.45740194592909406,"p80_low":-0.652598054070906,"p80_high":0.9074019459290941}}},"meta":{"model":"stub_model_v0"}}