{"as_of":"2026-01-28T03:52:17.376277Z","indices":{"SPY":{"direction_prob_up":0.625,"expected_move_pct":0.138,"interval_pct":{"p50_low":-0.19224754653783616,"p50_high":0.4677524534621639,"p80_low":-0.6422475465378361,"p80_high":0.9177524534621639}},"DIA":{"direction_prob_up":0.625,"expected_move_pct":0.138,"interval_pct":{"p50_low":-0.19224754653783616,"p50_high":0.4677524534621639,"p80_low":-0.6422475465378361,"p80_high":0.9177524534621639}}},"meta":{"model":"stub_model_v0"}}