{"as_of":"2025-11-01T03:17:56.324173Z","indices":{"SPY":{"direction_prob_up":0.378,"expected_move_pct":-0.134,"interval_pct":{"p50_low":-0.46391752141203735,"p50_high":0.1960824785879627,"p80_low":-0.9139175214120373,"p80_high":0.6460824785879627}},"DIA":{"direction_prob_up":0.378,"expected_move_pct":-0.134,"interval_pct":{"p50_low":-0.46391752141203735,"p50_high":0.1960824785879627,"p80_low":-0.9139175214120373,"p80_high":0.6460824785879627}}},"meta":{"model":"stub_model_v0"}}