{"as_of":"2026-01-25T04:00:42.904891Z","indices":{"SPY":{"direction_prob_up":0.407,"expected_move_pct":-0.103,"interval_pct":{"p50_low":-0.43260390311362573,"p50_high":0.2273960968863743,"p80_low":-0.8826039031136258,"p80_high":0.6773960968863743}},"DIA":{"direction_prob_up":0.407,"expected_move_pct":-0.103,"interval_pct":{"p50_low":-0.43260390311362573,"p50_high":0.2273960968863743,"p80_low":-0.8826039031136258,"p80_high":0.6773960968863743}}},"meta":{"model":"stub_model_v0"}}