{"as_of":"2026-01-30T04:17:14.827112Z","indices":{"SPY":{"direction_prob_up":0.58,"expected_move_pct":0.088,"interval_pct":{"p50_low":-0.2421868939419249,"p50_high":0.4178131060580751,"p80_low":-0.6921868939419249,"p80_high":0.8678131060580752}},"DIA":{"direction_prob_up":0.58,"expected_move_pct":0.088,"interval_pct":{"p50_low":-0.2421868939419249,"p50_high":0.4178131060580751,"p80_low":-0.6921868939419249,"p80_high":0.8678131060580752}}},"meta":{"model":"stub_model_v0"}}