{"as_of":"2026-01-15T03:48:44.193702Z","indices":{"SPY":{"direction_prob_up":0.505,"expected_move_pct":0.006,"interval_pct":{"p50_low":-0.3244258370970739,"p50_high":0.33557416290292613,"p80_low":-0.7744258370970739,"p80_high":0.7855741629029261}},"DIA":{"direction_prob_up":0.505,"expected_move_pct":0.006,"interval_pct":{"p50_low":-0.3244258370970739,"p50_high":0.33557416290292613,"p80_low":-0.7744258370970739,"p80_high":0.7855741629029261}}},"meta":{"model":"stub_model_v0"}}