{"as_of":"2026-02-26T04:24:31.988996Z","indices":{"SPY":{"direction_prob_up":0.53,"expected_move_pct":0.033,"interval_pct":{"p50_low":-0.2974874096401389,"p50_high":0.3625125903598611,"p80_low":-0.7474874096401389,"p80_high":0.8125125903598611}},"DIA":{"direction_prob_up":0.53,"expected_move_pct":0.033,"interval_pct":{"p50_low":-0.2974874096401389,"p50_high":0.3625125903598611,"p80_low":-0.7474874096401389,"p80_high":0.8125125903598611}}},"meta":{"model":"stub_model_v0"}}