{"as_of":"2025-10-24T03:08:14.678091Z","indices":{"SPY":{"direction_prob_up":0.715,"expected_move_pct":0.236,"interval_pct":{"p50_low":-0.09396642045847917,"p50_high":0.5660335795415209,"p80_low":-0.5439664204584792,"p80_high":1.016033579541521}},"DIA":{"direction_prob_up":0.715,"expected_move_pct":0.236,"interval_pct":{"p50_low":-0.09396642045847917,"p50_high":0.5660335795415209,"p80_low":-0.5439664204584792,"p80_high":1.016033579541521}}},"meta":{"model":"stub_model_v0"}}