{"as_of":"2025-09-26T03:07:23.049143Z","indices":{"SPY":{"direction_prob_up":0.707,"expected_move_pct":0.228,"interval_pct":{"p50_low":-0.10228567563656676,"p50_high":0.5577143243634333,"p80_low":-0.5522856756365668,"p80_high":1.0077143243634332}},"DIA":{"direction_prob_up":0.707,"expected_move_pct":0.228,"interval_pct":{"p50_low":-0.10228567563656676,"p50_high":0.5577143243634333,"p80_low":-0.5522856756365668,"p80_high":1.0077143243634332}}},"meta":{"model":"stub_model_v0"}}