{"as_of":"2025-09-30T03:05:39.096780Z","indices":{"SPY":{"direction_prob_up":0.525,"expected_move_pct":0.027,"interval_pct":{"p50_low":-0.3025655896913412,"p50_high":0.35743441030865886,"p80_low":-0.7525655896913411,"p80_high":0.8074344103086589}},"DIA":{"direction_prob_up":0.525,"expected_move_pct":0.027,"interval_pct":{"p50_low":-0.3025655896913412,"p50_high":0.35743441030865886,"p80_low":-0.7525655896913411,"p80_high":0.8074344103086589}}},"meta":{"model":"stub_model_v0"}}