{"as_of":"2025-09-23T15:45:47.371363Z","indices":{"SPY":{"direction_prob_up":0.929,"expected_move_pct":0.472,"interval_pct":{"p50_low":0.141629367515196,"p50_high":0.801629367515196,"p80_low":-0.308370632484804,"p80_high":1.251629367515196}},"DIA":{"direction_prob_up":0.929,"expected_move_pct":0.472,"interval_pct":{"p50_low":0.141629367515196,"p50_high":0.801629367515196,"p80_low":-0.308370632484804,"p80_high":1.251629367515196}}},"meta":{"model":"stub_model_v0"}}