{"as_of":"2026-02-09T04:35:06.271192Z","indices":{"SPY":{"direction_prob_up":0.424,"expected_move_pct":-0.083,"interval_pct":{"p50_low":-0.41334246176585654,"p50_high":0.2466575382341435,"p80_low":-0.8633424617658565,"p80_high":0.6966575382341436}},"DIA":{"direction_prob_up":0.424,"expected_move_pct":-0.083,"interval_pct":{"p50_low":-0.41334246176585654,"p50_high":0.2466575382341435,"p80_low":-0.8633424617658565,"p80_high":0.6966575382341436}}},"meta":{"model":"stub_model_v0"}}