{"as_of":"2025-12-22T03:49:54.738624Z","indices":{"SPY":{"direction_prob_up":0.434,"expected_move_pct":-0.073,"interval_pct":{"p50_low":-0.40301211649034446,"p50_high":0.25698788350965557,"p80_low":-0.8530121164903445,"p80_high":0.7069878835096556}},"DIA":{"direction_prob_up":0.434,"expected_move_pct":-0.073,"interval_pct":{"p50_low":-0.40301211649034446,"p50_high":0.25698788350965557,"p80_low":-0.8530121164903445,"p80_high":0.7069878835096556}}},"meta":{"model":"stub_model_v0"}}