{"as_of":"2025-12-20T03:31:29.619551Z","indices":{"SPY":{"direction_prob_up":0.496,"expected_move_pct":-0.005,"interval_pct":{"p50_low":-0.3347064689098684,"p50_high":0.32529353109013165,"p80_low":-0.7847064689098684,"p80_high":0.7752935310901317}},"DIA":{"direction_prob_up":0.496,"expected_move_pct":-0.005,"interval_pct":{"p50_low":-0.3347064689098684,"p50_high":0.32529353109013165,"p80_low":-0.7847064689098684,"p80_high":0.7752935310901317}}},"meta":{"model":"stub_model_v0"}}