{"as_of":"2026-01-04T03:57:43.490764Z","indices":{"SPY":{"direction_prob_up":0.561,"expected_move_pct":0.067,"interval_pct":{"p50_low":-0.2632858252843311,"p50_high":0.39671417471566894,"p80_low":-0.7132858252843312,"p80_high":0.8467141747156689}},"DIA":{"direction_prob_up":0.561,"expected_move_pct":0.067,"interval_pct":{"p50_low":-0.2632858252843311,"p50_high":0.39671417471566894,"p80_low":-0.7132858252843312,"p80_high":0.8467141747156689}}},"meta":{"model":"stub_model_v0"}}