{"as_of":"2025-12-08T03:38:19.865625Z","indices":{"SPY":{"direction_prob_up":0.636,"expected_move_pct":0.149,"interval_pct":{"p50_low":-0.1808059,"p50_high":0.47919410000000007,"p80_low":-0.6308059,"p80_high":0.9291941}},"DIA":{"direction_prob_up":0.636,"expected_move_pct":0.149,"interval_pct":{"p50_low":-0.1808059,"p50_high":0.47919410000000007,"p80_low":-0.6308059,"p80_high":0.9291941}}},"meta":{"model":"stub_model_v0"}}