{"as_of":"2025-11-25T03:21:48.220658Z","indices":{"SPY":{"direction_prob_up":0.626,"expected_move_pct":0.139,"interval_pct":{"p50_low":-0.19115132246924482,"p50_high":0.4688486775307552,"p80_low":-0.6411513224692449,"p80_high":0.9188486775307552}},"DIA":{"direction_prob_up":0.626,"expected_move_pct":0.139,"interval_pct":{"p50_low":-0.19115132246924482,"p50_high":0.4688486775307552,"p80_low":-0.6411513224692449,"p80_high":0.9188486775307552}}},"meta":{"model":"stub_model_v0"}}