{"as_of":"2025-12-09T03:34:20.553840Z","indices":{"SPY":{"direction_prob_up":0.777,"expected_move_pct":0.305,"interval_pct":{"p50_low":-0.025229268742317068,"p50_high":0.6347707312576829,"p80_low":-0.4752292687423171,"p80_high":1.084770731257683}},"DIA":{"direction_prob_up":0.777,"expected_move_pct":0.305,"interval_pct":{"p50_low":-0.025229268742317068,"p50_high":0.6347707312576829,"p80_low":-0.4752292687423171,"p80_high":1.084770731257683}}},"meta":{"model":"stub_model_v0"}}