{"as_of":"2025-12-02T03:34:42.521242Z","indices":{"SPY":{"direction_prob_up":0.741,"expected_move_pct":0.265,"interval_pct":{"p50_low":-0.06518838463807003,"p50_high":0.5948116153619301,"p80_low":-0.51518838463807,"p80_high":1.04481161536193}},"DIA":{"direction_prob_up":0.741,"expected_move_pct":0.265,"interval_pct":{"p50_low":-0.06518838463807003,"p50_high":0.5948116153619301,"p80_low":-0.51518838463807,"p80_high":1.04481161536193}}},"meta":{"model":"stub_model_v0"}}