{"as_of":"2026-02-28T04:01:51.050024Z","indices":{"SPY":{"direction_prob_up":0.447,"expected_move_pct":-0.058,"interval_pct":{"p50_low":-0.38777651078998626,"p50_high":0.27222348921001377,"p80_low":-0.8377765107899863,"p80_high":0.7222234892100138}},"DIA":{"direction_prob_up":0.447,"expected_move_pct":-0.058,"interval_pct":{"p50_low":-0.38777651078998626,"p50_high":0.27222348921001377,"p80_low":-0.8377765107899863,"p80_high":0.7222234892100138}}},"meta":{"model":"stub_model_v0"}}