{"as_of":"2025-11-02T03:21:33.162692Z","indices":{"SPY":{"direction_prob_up":0.309,"expected_move_pct":-0.21,"interval_pct":{"p50_low":-0.5403609229992523,"p50_high":0.11963907700074766,"p80_low":-0.9903609229992524,"p80_high":0.5696390770007477}},"DIA":{"direction_prob_up":0.309,"expected_move_pct":-0.21,"interval_pct":{"p50_low":-0.5403609229992523,"p50_high":0.11963907700074766,"p80_low":-0.9903609229992524,"p80_high":0.5696390770007477}}},"meta":{"model":"stub_model_v0"}}