{"as_of":"2025-11-06T03:21:11.043001Z","indices":{"SPY":{"direction_prob_up":0.883,"expected_move_pct":0.421,"interval_pct":{"p50_low":0.09103510041761331,"p50_high":0.7510351004176133,"p80_low":-0.3589648995823867,"p80_high":1.2010351004176134}},"DIA":{"direction_prob_up":0.883,"expected_move_pct":0.421,"interval_pct":{"p50_low":0.09103510041761331,"p50_high":0.7510351004176133,"p80_low":-0.3589648995823867,"p80_high":1.2010351004176134}}},"meta":{"model":"stub_model_v0"}}