{"as_of":"2026-01-01T03:57:03.163995Z","indices":{"SPY":{"direction_prob_up":0.347,"expected_move_pct":-0.169,"interval_pct":{"p50_low":-0.49877603022412587,"p50_high":0.16122396977587417,"p80_low":-0.9487760302241259,"p80_high":0.6112239697758741}},"DIA":{"direction_prob_up":0.347,"expected_move_pct":-0.169,"interval_pct":{"p50_low":-0.49877603022412587,"p50_high":0.16122396977587417,"p80_low":-0.9487760302241259,"p80_high":0.6112239697758741}}},"meta":{"model":"stub_model_v0"}}