{"as_of":"2025-10-14T03:08:41.000659Z","indices":{"SPY":{"direction_prob_up":0.628,"expected_move_pct":0.141,"interval_pct":{"p50_low":-0.18872326,"p50_high":0.47127674,"p80_low":-0.63872326,"p80_high":0.92127674}},"DIA":{"direction_prob_up":0.628,"expected_move_pct":0.141,"interval_pct":{"p50_low":-0.18872326,"p50_high":0.47127674,"p80_low":-0.63872326,"p80_high":0.92127674}}},"meta":{"model":"stub_model_v0"}}