{"as_of":"2026-01-03T03:38:09.858585Z","indices":{"SPY":{"direction_prob_up":0.506,"expected_move_pct":0.007,"interval_pct":{"p50_low":-0.3228657257333997,"p50_high":0.3371342742666003,"p80_low":-0.7728657257333997,"p80_high":0.7871342742666003}},"DIA":{"direction_prob_up":0.506,"expected_move_pct":0.007,"interval_pct":{"p50_low":-0.3228657257333997,"p50_high":0.3371342742666003,"p80_low":-0.7728657257333997,"p80_high":0.7871342742666003}}},"meta":{"model":"stub_model_v0"}}