{"as_of":"2025-10-27T03:35:08.048775Z","indices":{"SPY":{"direction_prob_up":0.551,"expected_move_pct":0.056,"interval_pct":{"p50_low":-0.2735983780975425,"p50_high":0.3864016219024575,"p80_low":-0.7235983780975425,"p80_high":0.8364016219024576}},"DIA":{"direction_prob_up":0.551,"expected_move_pct":0.056,"interval_pct":{"p50_low":-0.2735983780975425,"p50_high":0.3864016219024575,"p80_low":-0.7235983780975425,"p80_high":0.8364016219024576}}},"meta":{"model":"stub_model_v0"}}