{"as_of":"2025-10-06T03:09:29.428936Z","indices":{"SPY":{"direction_prob_up":0.486,"expected_move_pct":-0.016,"interval_pct":{"p50_low":-0.3457369945650297,"p50_high":0.3142630054349703,"p80_low":-0.7957369945650297,"p80_high":0.7642630054349704}},"DIA":{"direction_prob_up":0.486,"expected_move_pct":-0.016,"interval_pct":{"p50_low":-0.3457369945650297,"p50_high":0.3142630054349703,"p80_low":-0.7957369945650297,"p80_high":0.7642630054349704}}},"meta":{"model":"stub_model_v0"}}