{"as_of":"2026-01-24T03:43:26.970447Z","indices":{"SPY":{"direction_prob_up":0.405,"expected_move_pct":-0.105,"interval_pct":{"p50_low":-0.43451649514085366,"p50_high":0.22548350485914637,"p80_low":-0.8845164951408537,"p80_high":0.6754835048591463}},"DIA":{"direction_prob_up":0.405,"expected_move_pct":-0.105,"interval_pct":{"p50_low":-0.43451649514085366,"p50_high":0.22548350485914637,"p80_low":-0.8845164951408537,"p80_high":0.6754835048591463}}},"meta":{"model":"stub_model_v0"}}