{"as_of":"2026-02-19T04:27:33.692981Z","indices":{"SPY":{"direction_prob_up":0.421,"expected_move_pct":-0.087,"interval_pct":{"p50_low":-0.41684379016333317,"p50_high":0.24315620983666686,"p80_low":-0.8668437901633332,"p80_high":0.6931562098366668}},"DIA":{"direction_prob_up":0.421,"expected_move_pct":-0.087,"interval_pct":{"p50_low":-0.41684379016333317,"p50_high":0.24315620983666686,"p80_low":-0.8668437901633332,"p80_high":0.6931562098366668}}},"meta":{"model":"stub_model_v0"}}