{"as_of":"2025-11-13T03:21:25.467275Z","indices":{"SPY":{"direction_prob_up":0.629,"expected_move_pct":0.141,"interval_pct":{"p50_low":-0.18863064,"p50_high":0.47136936000000007,"p80_low":-0.63863064,"p80_high":0.92136936}},"DIA":{"direction_prob_up":0.629,"expected_move_pct":0.141,"interval_pct":{"p50_low":-0.18863064,"p50_high":0.47136936000000007,"p80_low":-0.63863064,"p80_high":0.92136936}}},"meta":{"model":"stub_model_v0"}}