{"as_of":"2026-03-15T04:39:43.581138Z","indices":{"SPY":{"direction_prob_up":0.301,"expected_move_pct":-0.219,"interval_pct":{"p50_low":-0.5490021082192682,"p50_high":0.11099789178073177,"p80_low":-0.9990021082192683,"p80_high":0.5609978917807318}},"DIA":{"direction_prob_up":0.301,"expected_move_pct":-0.219,"interval_pct":{"p50_low":-0.5490021082192682,"p50_high":0.11099789178073177,"p80_low":-0.9990021082192683,"p80_high":0.5609978917807318}}},"meta":{"model":"stub_model_v0"}}