{"as_of":"2026-01-27T03:54:19.095842Z","indices":{"SPY":{"direction_prob_up":0.4,"expected_move_pct":-0.11,"interval_pct":{"p50_low":-0.44017525535019303,"p50_high":0.219824744649807,"p80_low":-0.890175255350193,"p80_high":0.669824744649807}},"DIA":{"direction_prob_up":0.4,"expected_move_pct":-0.11,"interval_pct":{"p50_low":-0.44017525535019303,"p50_high":0.219824744649807,"p80_low":-0.890175255350193,"p80_high":0.669824744649807}}},"meta":{"model":"stub_model_v0"}}