{"as_of":"2025-09-28T03:14:41.715017Z","indices":{"SPY":{"direction_prob_up":0.476,"expected_move_pct":-0.027,"interval_pct":{"p50_low":-0.35662144461836054,"p50_high":0.3033785553816395,"p80_low":-0.8066214446183605,"p80_high":0.7533785553816396}},"DIA":{"direction_prob_up":0.476,"expected_move_pct":-0.027,"interval_pct":{"p50_low":-0.35662144461836054,"p50_high":0.3033785553816395,"p80_low":-0.8066214446183605,"p80_high":0.7533785553816396}}},"meta":{"model":"stub_model_v0"}}