{"as_of":"2025-10-16T03:11:22.369702Z","indices":{"SPY":{"direction_prob_up":0.63,"expected_move_pct":0.143,"interval_pct":{"p50_low":-0.18697184,"p50_high":0.47302816000000003,"p80_low":-0.63697184,"p80_high":0.9230281600000001}},"DIA":{"direction_prob_up":0.63,"expected_move_pct":0.143,"interval_pct":{"p50_low":-0.18697184,"p50_high":0.47302816000000003,"p80_low":-0.63697184,"p80_high":0.9230281600000001}}},"meta":{"model":"stub_model_v0"}}