{"as_of":"2026-01-21T03:50:54.367767Z","indices":{"SPY":{"direction_prob_up":0.56,"expected_move_pct":0.066,"interval_pct":{"p50_low":-0.2644589417130656,"p50_high":0.3955410582869344,"p80_low":-0.7144589417130656,"p80_high":0.8455410582869345}},"DIA":{"direction_prob_up":0.56,"expected_move_pct":0.066,"interval_pct":{"p50_low":-0.2644589417130656,"p50_high":0.3955410582869344,"p80_low":-0.7144589417130656,"p80_high":0.8455410582869345}}},"meta":{"model":"stub_model_v0"}}