{"as_of":"2026-02-05T04:22:26.020333Z","indices":{"SPY":{"direction_prob_up":0.558,"expected_move_pct":0.064,"interval_pct":{"p50_low":-0.26604078801308323,"p50_high":0.3939592119869168,"p80_low":-0.7160407880130832,"p80_high":0.8439592119869168}},"DIA":{"direction_prob_up":0.558,"expected_move_pct":0.064,"interval_pct":{"p50_low":-0.26604078801308323,"p50_high":0.3939592119869168,"p80_low":-0.7160407880130832,"p80_high":0.8439592119869168}}},"meta":{"model":"stub_model_v0"}}