{"as_of":"2025-11-26T03:21:58.443048Z","indices":{"SPY":{"direction_prob_up":0.779,"expected_move_pct":0.307,"interval_pct":{"p50_low":-0.022731760679530477,"p50_high":0.6372682393204696,"p80_low":-0.4727317606795305,"p80_high":1.0872682393204696}},"DIA":{"direction_prob_up":0.779,"expected_move_pct":0.307,"interval_pct":{"p50_low":-0.022731760679530477,"p50_high":0.6372682393204696,"p80_low":-0.4727317606795305,"p80_high":1.0872682393204696}}},"meta":{"model":"stub_model_v0"}}