{"as_of":"2025-10-05T03:13:31.483329Z","indices":{"SPY":{"direction_prob_up":0.345,"expected_move_pct":-0.171,"interval_pct":{"p50_low":-0.5007772069024079,"p50_high":0.1592227930975921,"p80_low":-0.950777206902408,"p80_high":0.6092227930975921}},"DIA":{"direction_prob_up":0.345,"expected_move_pct":-0.171,"interval_pct":{"p50_low":-0.5007772069024079,"p50_high":0.1592227930975921,"p80_low":-0.950777206902408,"p80_high":0.6092227930975921}}},"meta":{"model":"stub_model_v0"}}