{"as_of":"2025-11-11T03:20:39.734709Z","indices":{"SPY":{"direction_prob_up":0.862,"expected_move_pct":0.398,"interval_pct":{"p50_low":0.06767604239830594,"p50_high":0.727676042398306,"p80_low":-0.3823239576016941,"p80_high":1.177676042398306}},"DIA":{"direction_prob_up":0.862,"expected_move_pct":0.398,"interval_pct":{"p50_low":0.06767604239830594,"p50_high":0.727676042398306,"p80_low":-0.3823239576016941,"p80_high":1.177676042398306}}},"meta":{"model":"stub_model_v0"}}