{"as_of":"2026-02-01T04:36:43.199526Z","indices":{"SPY":{"direction_prob_up":0.422,"expected_move_pct":-0.086,"interval_pct":{"p50_low":-0.41575456722240134,"p50_high":0.2442454327775987,"p80_low":-0.8657545672224013,"p80_high":0.6942454327775988}},"DIA":{"direction_prob_up":0.422,"expected_move_pct":-0.086,"interval_pct":{"p50_low":-0.41575456722240134,"p50_high":0.2442454327775987,"p80_low":-0.8657545672224013,"p80_high":0.6942454327775988}}},"meta":{"model":"stub_model_v0"}}