{"as_of":"2026-02-22T04:25:33.012598Z","indices":{"SPY":{"direction_prob_up":0.435,"expected_move_pct":-0.072,"interval_pct":{"p50_low":-0.40170478539155485,"p50_high":0.2582952146084452,"p80_low":-0.8517047853915548,"p80_high":0.7082952146084452}},"DIA":{"direction_prob_up":0.435,"expected_move_pct":-0.072,"interval_pct":{"p50_low":-0.40170478539155485,"p50_high":0.2582952146084452,"p80_low":-0.8517047853915548,"p80_high":0.7082952146084452}}},"meta":{"model":"stub_model_v0"}}