{"as_of":"2025-09-23T14:31:26.270524Z","indices":{"SPY":{"direction_prob_up":1.0,"expected_move_pct":0.55,"interval_pct":{"p50_low":0.22000000000000003,"p50_high":0.8800000000000001,"p80_low":-0.22999999999999998,"p80_high":1.33}},"DIA":{"direction_prob_up":1.0,"expected_move_pct":0.55,"interval_pct":{"p50_low":0.22000000000000003,"p50_high":0.8800000000000001,"p80_low":-0.22999999999999998,"p80_high":1.33}}},"meta":{"model":"stub_model_v0"}}