{"as_of":"2025-09-25T03:08:36.831682Z","indices":{"SPY":{"direction_prob_up":0.706,"expected_move_pct":0.226,"interval_pct":{"p50_low":-0.1036441313394916,"p50_high":0.5563558686605085,"p80_low":-0.5536441313394916,"p80_high":1.0063558686605085}},"DIA":{"direction_prob_up":0.706,"expected_move_pct":0.226,"interval_pct":{"p50_low":-0.1036441313394916,"p50_high":0.5563558686605085,"p80_low":-0.5536441313394916,"p80_high":1.0063558686605085}}},"meta":{"model":"stub_model_v0"}}