{"as_of":"2026-02-27T04:21:29.009569Z","indices":{"SPY":{"direction_prob_up":0.487,"expected_move_pct":-0.015,"interval_pct":{"p50_low":-0.34467312832468067,"p50_high":0.31532687167531936,"p80_low":-0.7946731283246807,"p80_high":0.7653268716753193}},"DIA":{"direction_prob_up":0.487,"expected_move_pct":-0.015,"interval_pct":{"p50_low":-0.34467312832468067,"p50_high":0.31532687167531936,"p80_low":-0.7946731283246807,"p80_high":0.7653268716753193}}},"meta":{"model":"stub_model_v0"}}