{"as_of":"2026-03-21T04:13:25.176124Z","indices":{"SPY":{"direction_prob_up":0.476,"expected_move_pct":-0.027,"interval_pct":{"p50_low":-0.3565428497731184,"p50_high":0.30345715022688163,"p80_low":-0.8065428497731184,"p80_high":0.7534571502268816}},"DIA":{"direction_prob_up":0.476,"expected_move_pct":-0.027,"interval_pct":{"p50_low":-0.3565428497731184,"p50_high":0.30345715022688163,"p80_low":-0.8065428497731184,"p80_high":0.7534571502268816}}},"meta":{"model":"stub_model_v0"}}