{"as_of":"2026-02-24T04:26:06.493845Z","indices":{"SPY":{"direction_prob_up":0.536,"expected_move_pct":0.04,"interval_pct":{"p50_low":-0.29029327411999506,"p50_high":0.36970672588000497,"p80_low":-0.7402932741199951,"p80_high":0.8197067258800049}},"DIA":{"direction_prob_up":0.536,"expected_move_pct":0.04,"interval_pct":{"p50_low":-0.29029327411999506,"p50_high":0.36970672588000497,"p80_low":-0.7402932741199951,"p80_high":0.8197067258800049}}},"meta":{"model":"stub_model_v0"}}