{"as_of":"2025-12-26T03:41:03.497406Z","indices":{"SPY":{"direction_prob_up":0.571,"expected_move_pct":0.078,"interval_pct":{"p50_low":-0.2519755881366024,"p50_high":0.4080244118633976,"p80_low":-0.7019755881366024,"p80_high":0.8580244118633976}},"DIA":{"direction_prob_up":0.571,"expected_move_pct":0.078,"interval_pct":{"p50_low":-0.2519755881366024,"p50_high":0.4080244118633976,"p80_low":-0.7019755881366024,"p80_high":0.8580244118633976}}},"meta":{"model":"stub_model_v0"}}