{"as_of":"2026-01-14T03:54:25.966052Z","indices":{"SPY":{"direction_prob_up":0.624,"expected_move_pct":0.137,"interval_pct":{"p50_low":-0.19327638000000003,"p50_high":0.46672362,"p80_low":-0.6432763800000001,"p80_high":0.91672362}},"DIA":{"direction_prob_up":0.624,"expected_move_pct":0.137,"interval_pct":{"p50_low":-0.19327638000000003,"p50_high":0.46672362,"p80_low":-0.6432763800000001,"p80_high":0.91672362}}},"meta":{"model":"stub_model_v0"}}