{"as_of":"2026-03-14T04:18:56.998979Z","indices":{"SPY":{"direction_prob_up":0.363,"expected_move_pct":-0.151,"interval_pct":{"p50_low":-0.4806741294606839,"p50_high":0.17932587053931612,"p80_low":-0.930674129460684,"p80_high":0.6293258705393161}},"DIA":{"direction_prob_up":0.363,"expected_move_pct":-0.151,"interval_pct":{"p50_low":-0.4806741294606839,"p50_high":0.17932587053931612,"p80_low":-0.930674129460684,"p80_high":0.6293258705393161}}},"meta":{"model":"stub_model_v0"}}