{"as_of":"2025-10-03T03:04:07.701222Z","indices":{"SPY":{"direction_prob_up":0.502,"expected_move_pct":0.002,"interval_pct":{"p50_low":-0.3275661764975043,"p50_high":0.33243382350249573,"p80_low":-0.7775661764975044,"p80_high":0.7824338235024957}},"DIA":{"direction_prob_up":0.502,"expected_move_pct":0.002,"interval_pct":{"p50_low":-0.3275661764975043,"p50_high":0.33243382350249573,"p80_low":-0.7775661764975044,"p80_high":0.7824338235024957}}},"meta":{"model":"stub_model_v0"}}