{"as_of":"2025-11-28T03:19:21.820066Z","indices":{"SPY":{"direction_prob_up":0.618,"expected_move_pct":0.13,"interval_pct":{"p50_low":-0.1999593029364599,"p50_high":0.4600406970635401,"p80_low":-0.6499593029364599,"p80_high":0.9100406970635402}},"DIA":{"direction_prob_up":0.618,"expected_move_pct":0.13,"interval_pct":{"p50_low":-0.1999593029364599,"p50_high":0.4600406970635401,"p80_low":-0.6499593029364599,"p80_high":0.9100406970635402}}},"meta":{"model":"stub_model_v0"}}