{"as_of":"2025-10-19T03:21:30.759649Z","indices":{"SPY":{"direction_prob_up":0.306,"expected_move_pct":-0.214,"interval_pct":{"p50_low":-0.5438172834864514,"p50_high":0.11618271651354864,"p80_low":-0.9938172834864514,"p80_high":0.5661827165135487}},"DIA":{"direction_prob_up":0.306,"expected_move_pct":-0.214,"interval_pct":{"p50_low":-0.5438172834864514,"p50_high":0.11618271651354864,"p80_low":-0.9938172834864514,"p80_high":0.5661827165135487}}},"meta":{"model":"stub_model_v0"}}