{"as_of":"2026-03-18T04:31:22.675626Z","indices":{"SPY":{"direction_prob_up":0.532,"expected_move_pct":0.035,"interval_pct":{"p50_low":-0.29476970686423626,"p50_high":0.3652302931357638,"p80_low":-0.7447697068642363,"p80_high":0.8152302931357638}},"DIA":{"direction_prob_up":0.532,"expected_move_pct":0.035,"interval_pct":{"p50_low":-0.29476970686423626,"p50_high":0.3652302931357638,"p80_low":-0.7447697068642363,"p80_high":0.8152302931357638}}},"meta":{"model":"stub_model_v0"}}