{"as_of":"2026-01-16T03:46:42.880479Z","indices":{"SPY":{"direction_prob_up":0.641,"expected_move_pct":0.155,"interval_pct":{"p50_low":-0.17493344,"p50_high":0.48506656000000004,"p80_low":-0.62493344,"p80_high":0.9350665600000001}},"DIA":{"direction_prob_up":0.641,"expected_move_pct":0.155,"interval_pct":{"p50_low":-0.17493344,"p50_high":0.48506656000000004,"p80_low":-0.62493344,"p80_high":0.9350665600000001}}},"meta":{"model":"stub_model_v0"}}