{"as_of":"2026-01-13T03:45:53.143919Z","indices":{"SPY":{"direction_prob_up":0.626,"expected_move_pct":0.138,"interval_pct":{"p50_low":-0.19173616,"p50_high":0.46826384000000004,"p80_low":-0.64173616,"p80_high":0.91826384}},"DIA":{"direction_prob_up":0.626,"expected_move_pct":0.138,"interval_pct":{"p50_low":-0.19173616,"p50_high":0.46826384000000004,"p80_low":-0.64173616,"p80_high":0.91826384}}},"meta":{"model":"stub_model_v0"}}