{"as_of":"2026-03-02T04:22:25.403009Z","indices":{"SPY":{"direction_prob_up":0.403,"expected_move_pct":-0.106,"interval_pct":{"p50_low":-0.43624374655170345,"p50_high":0.22375625344829658,"p80_low":-0.8862437465517035,"p80_high":0.6737562534482966}},"DIA":{"direction_prob_up":0.403,"expected_move_pct":-0.106,"interval_pct":{"p50_low":-0.43624374655170345,"p50_high":0.22375625344829658,"p80_low":-0.8862437465517035,"p80_high":0.6737562534482966}}},"meta":{"model":"stub_model_v0"}}