{"as_of":"2025-11-07T03:18:18.570125Z","indices":{"SPY":{"direction_prob_up":0.595,"expected_move_pct":0.105,"interval_pct":{"p50_low":-0.2251012857113995,"p50_high":0.4348987142886005,"p80_low":-0.6751012857113995,"p80_high":0.8848987142886006}},"DIA":{"direction_prob_up":0.595,"expected_move_pct":0.105,"interval_pct":{"p50_low":-0.2251012857113995,"p50_high":0.4348987142886005,"p80_low":-0.6751012857113995,"p80_high":0.8848987142886006}}},"meta":{"model":"stub_model_v0"}}