{"as_of":"2025-11-05T03:18:49.315103Z","indices":{"SPY":{"direction_prob_up":0.738,"expected_move_pct":0.261,"interval_pct":{"p50_low":-0.06863607976588981,"p50_high":0.5913639202341102,"p80_low":-0.5186360797658898,"p80_high":1.0413639202341103}},"DIA":{"direction_prob_up":0.738,"expected_move_pct":0.261,"interval_pct":{"p50_low":-0.06863607976588981,"p50_high":0.5913639202341102,"p80_low":-0.5186360797658898,"p80_high":1.0413639202341103}}},"meta":{"model":"stub_model_v0"}}