{"as_of":"2025-12-03T03:33:47.349224Z","indices":{"SPY":{"direction_prob_up":0.742,"expected_move_pct":0.266,"interval_pct":{"p50_low":-0.06420594493267567,"p50_high":0.5957940550673244,"p80_low":-0.5142059449326757,"p80_high":1.0457940550673244}},"DIA":{"direction_prob_up":0.742,"expected_move_pct":0.266,"interval_pct":{"p50_low":-0.06420594493267567,"p50_high":0.5957940550673244,"p80_low":-0.5142059449326757,"p80_high":1.0457940550673244}}},"meta":{"model":"stub_model_v0"}}