{"as_of":"2025-10-21T03:14:01.649899Z","indices":{"SPY":{"direction_prob_up":0.647,"expected_move_pct":0.162,"interval_pct":{"p50_low":-0.16792255241303036,"p50_high":0.4920774475869697,"p80_low":-0.6179225524130304,"p80_high":0.9420774475869697}},"DIA":{"direction_prob_up":0.647,"expected_move_pct":0.162,"interval_pct":{"p50_low":-0.16792255241303036,"p50_high":0.4920774475869697,"p80_low":-0.6179225524130304,"p80_high":0.9420774475869697}}},"meta":{"model":"stub_model_v0"}}