{"as_of":"2025-11-15T03:15:15.555318Z","indices":{"SPY":{"direction_prob_up":0.733,"expected_move_pct":0.256,"interval_pct":{"p50_low":-0.07374076709473526,"p50_high":0.5862592329052647,"p80_low":-0.5237407670947353,"p80_high":1.0362592329052647}},"DIA":{"direction_prob_up":0.733,"expected_move_pct":0.256,"interval_pct":{"p50_low":-0.07374076709473526,"p50_high":0.5862592329052647,"p80_low":-0.5237407670947353,"p80_high":1.0362592329052647}}},"meta":{"model":"stub_model_v0"}}