{"as_of":"2025-10-20T03:22:11.424489Z","indices":{"SPY":{"direction_prob_up":0.504,"expected_move_pct":0.004,"interval_pct":{"p50_low":-0.3258832415965277,"p50_high":0.3341167584034723,"p80_low":-0.7758832415965278,"p80_high":0.7841167584034723}},"DIA":{"direction_prob_up":0.504,"expected_move_pct":0.004,"interval_pct":{"p50_low":-0.3258832415965277,"p50_high":0.3341167584034723,"p80_low":-0.7758832415965278,"p80_high":0.7841167584034723}}},"meta":{"model":"stub_model_v0"}}