{"as_of":"2025-12-30T03:44:34.423024Z","indices":{"SPY":{"direction_prob_up":0.561,"expected_move_pct":0.067,"interval_pct":{"p50_low":-0.2629142844387456,"p50_high":0.39708571556125444,"p80_low":-0.7129142844387456,"p80_high":0.8470857155612544}},"DIA":{"direction_prob_up":0.561,"expected_move_pct":0.067,"interval_pct":{"p50_low":-0.2629142844387456,"p50_high":0.39708571556125444,"p80_low":-0.7129142844387456,"p80_high":0.8470857155612544}}},"meta":{"model":"stub_model_v0"}}