{"as_of":"2026-03-01T04:29:58.003005Z","indices":{"SPY":{"direction_prob_up":0.362,"expected_move_pct":-0.152,"interval_pct":{"p50_low":-0.4816980419336857,"p50_high":0.17830195806631435,"p80_low":-0.9316980419336857,"p80_high":0.6283019580663144}},"DIA":{"direction_prob_up":0.362,"expected_move_pct":-0.152,"interval_pct":{"p50_low":-0.4816980419336857,"p50_high":0.17830195806631435,"p80_low":-0.9316980419336857,"p80_high":0.6283019580663144}}},"meta":{"model":"stub_model_v0"}}