{"as_of":"2026-02-18T04:28:51.558849Z","indices":{"SPY":{"direction_prob_up":0.425,"expected_move_pct":-0.083,"interval_pct":{"p50_low":-0.4126446326347083,"p50_high":0.24735536736529173,"p80_low":-0.8626446326347083,"p80_high":0.6973553673652918}},"DIA":{"direction_prob_up":0.425,"expected_move_pct":-0.083,"interval_pct":{"p50_low":-0.4126446326347083,"p50_high":0.24735536736529173,"p80_low":-0.8626446326347083,"p80_high":0.6973553673652918}}},"meta":{"model":"stub_model_v0"}}