{"as_of":"2026-03-11T04:18:09.914808Z","indices":{"SPY":{"direction_prob_up":0.581,"expected_move_pct":0.089,"interval_pct":{"p50_low":-0.24064965239875585,"p50_high":0.4193503476012442,"p80_low":-0.6906496523987559,"p80_high":0.8693503476012442}},"DIA":{"direction_prob_up":0.581,"expected_move_pct":0.089,"interval_pct":{"p50_low":-0.24064965239875585,"p50_high":0.4193503476012442,"p80_low":-0.6906496523987559,"p80_high":0.8693503476012442}}},"meta":{"model":"stub_model_v0"}}