{"as_of":"2025-12-28T03:54:41.700665Z","indices":{"SPY":{"direction_prob_up":0.555,"expected_move_pct":0.061,"interval_pct":{"p50_low":-0.2691305696840143,"p50_high":0.39086943031598576,"p80_low":-0.7191305696840143,"p80_high":0.8408694303159857}},"DIA":{"direction_prob_up":0.555,"expected_move_pct":0.061,"interval_pct":{"p50_low":-0.2691305696840143,"p50_high":0.39086943031598576,"p80_low":-0.7191305696840143,"p80_high":0.8408694303159857}}},"meta":{"model":"stub_model_v0"}}