{"as_of":"2026-02-25T04:27:34.122148Z","indices":{"SPY":{"direction_prob_up":0.631,"expected_move_pct":0.144,"interval_pct":{"p50_low":-0.18569169249114276,"p50_high":0.4743083075088573,"p80_low":-0.6356916924911428,"p80_high":0.9243083075088573}},"DIA":{"direction_prob_up":0.631,"expected_move_pct":0.144,"interval_pct":{"p50_low":-0.18569169249114276,"p50_high":0.4743083075088573,"p80_low":-0.6356916924911428,"p80_high":0.9243083075088573}}},"meta":{"model":"stub_model_v0"}}