{"as_of":"2026-02-20T04:22:35.727400Z","indices":{"SPY":{"direction_prob_up":0.331,"expected_move_pct":-0.186,"interval_pct":{"p50_low":-0.515509046537449,"p50_high":0.14449095346255098,"p80_low":-0.9655090465374491,"p80_high":0.594490953462551}},"DIA":{"direction_prob_up":0.331,"expected_move_pct":-0.186,"interval_pct":{"p50_low":-0.515509046537449,"p50_high":0.14449095346255098,"p80_low":-0.9655090465374491,"p80_high":0.594490953462551}}},"meta":{"model":"stub_model_v0"}}