{"as_of":"2025-11-24T03:39:58.715675Z","indices":{"SPY":{"direction_prob_up":0.511,"expected_move_pct":0.012,"interval_pct":{"p50_low":-0.31794840980992245,"p50_high":0.3420515901900776,"p80_low":-0.7679484098099225,"p80_high":0.7920515901900775}},"DIA":{"direction_prob_up":0.511,"expected_move_pct":0.012,"interval_pct":{"p50_low":-0.31794840980992245,"p50_high":0.3420515901900776,"p80_low":-0.7679484098099225,"p80_high":0.7920515901900775}}},"meta":{"model":"stub_model_v0"}}