{"as_of":"2025-11-19T03:19:26.788548Z","indices":{"SPY":{"direction_prob_up":0.908,"expected_move_pct":0.448,"interval_pct":{"p50_low":0.11825175639165558,"p50_high":0.7782517563916556,"p80_low":-0.33174824360834443,"p80_high":1.2282517563916557}},"DIA":{"direction_prob_up":0.908,"expected_move_pct":0.448,"interval_pct":{"p50_low":0.11825175639165558,"p50_high":0.7782517563916556,"p80_low":-0.33174824360834443,"p80_high":1.2282517563916557}}},"meta":{"model":"stub_model_v0"}}