{"as_of":"2026-01-11T03:57:02.288061Z","indices":{"SPY":{"direction_prob_up":0.3,"expected_move_pct":-0.22,"interval_pct":{"p50_low":-0.5502951262751729,"p50_high":0.1097048737248272,"p80_low":-1.000295126275173,"p80_high":0.5597048737248272}},"DIA":{"direction_prob_up":0.3,"expected_move_pct":-0.22,"interval_pct":{"p50_low":-0.5502951262751729,"p50_high":0.1097048737248272,"p80_low":-1.000295126275173,"p80_high":0.5597048737248272}}},"meta":{"model":"stub_model_v0"}}