{"as_of":"2025-10-31T03:18:27.440643Z","indices":{"SPY":{"direction_prob_up":0.542,"expected_move_pct":0.046,"interval_pct":{"p50_low":-0.2840452438861773,"p50_high":0.37595475611382273,"p80_low":-0.7340452438861773,"p80_high":0.8259547561138227}},"DIA":{"direction_prob_up":0.542,"expected_move_pct":0.046,"interval_pct":{"p50_low":-0.2840452438861773,"p50_high":0.37595475611382273,"p80_low":-0.7340452438861773,"p80_high":0.8259547561138227}}},"meta":{"model":"stub_model_v0"}}