{"as_of":"2025-12-17T03:36:45.957883Z","indices":{"SPY":{"direction_prob_up":0.608,"expected_move_pct":0.118,"interval_pct":{"p50_low":-0.21155948000000002,"p50_high":0.44844052,"p80_low":-0.66155948,"p80_high":0.8984405200000001}},"DIA":{"direction_prob_up":0.608,"expected_move_pct":0.118,"interval_pct":{"p50_low":-0.21155948000000002,"p50_high":0.44844052,"p80_low":-0.66155948,"p80_high":0.8984405200000001}}},"meta":{"model":"stub_model_v0"}}