{"as_of":"2026-03-16T04:47:51.169066Z","indices":{"SPY":{"direction_prob_up":0.444,"expected_move_pct":-0.062,"interval_pct":{"p50_low":-0.39201242147562965,"p50_high":0.2679875785243704,"p80_low":-0.8420124214756296,"p80_high":0.7179875785243705}},"DIA":{"direction_prob_up":0.444,"expected_move_pct":-0.062,"interval_pct":{"p50_low":-0.39201242147562965,"p50_high":0.2679875785243704,"p80_low":-0.8420124214756296,"p80_high":0.7179875785243705}}},"meta":{"model":"stub_model_v0"}}