{"as_of":"2025-12-27T03:38:18.800684Z","indices":{"SPY":{"direction_prob_up":0.545,"expected_move_pct":0.05,"interval_pct":{"p50_low":-0.2803004054425846,"p50_high":0.3796995945574154,"p80_low":-0.7303004054425847,"p80_high":0.8296995945574154}},"DIA":{"direction_prob_up":0.545,"expected_move_pct":0.05,"interval_pct":{"p50_low":-0.2803004054425846,"p50_high":0.3796995945574154,"p80_low":-0.7303004054425847,"p80_high":0.8296995945574154}}},"meta":{"model":"stub_model_v0"}}