{"as_of":"2025-12-21T03:45:13.294890Z","indices":{"SPY":{"direction_prob_up":0.418,"expected_move_pct":-0.09,"interval_pct":{"p50_low":-0.41998251283726273,"p50_high":0.24001748716273727,"p80_low":-0.8699825128372628,"p80_high":0.6900174871627373}},"DIA":{"direction_prob_up":0.418,"expected_move_pct":-0.09,"interval_pct":{"p50_low":-0.41998251283726273,"p50_high":0.24001748716273727,"p80_low":-0.8699825128372628,"p80_high":0.6900174871627373}}},"meta":{"model":"stub_model_v0"}}