{"as_of":"2026-01-29T04:17:42.088023Z","indices":{"SPY":{"direction_prob_up":0.738,"expected_move_pct":0.262,"interval_pct":{"p50_low":-0.0678342903107152,"p50_high":0.5921657096892848,"p80_low":-0.5178342903107152,"p80_high":1.042165709689285}},"DIA":{"direction_prob_up":0.738,"expected_move_pct":0.262,"interval_pct":{"p50_low":-0.0678342903107152,"p50_high":0.5921657096892848,"p80_low":-0.5178342903107152,"p80_high":1.042165709689285}}},"meta":{"model":"stub_model_v0"}}