{"as_of":"2025-12-24T03:40:35.855205Z","indices":{"SPY":{"direction_prob_up":0.473,"expected_move_pct":-0.029,"interval_pct":{"p50_low":-0.3592584382939004,"p50_high":0.3007415617060996,"p80_low":-0.8092584382939004,"p80_high":0.7507415617060996}},"DIA":{"direction_prob_up":0.473,"expected_move_pct":-0.029,"interval_pct":{"p50_low":-0.3592584382939004,"p50_high":0.3007415617060996,"p80_low":-0.8092584382939004,"p80_high":0.7507415617060996}}},"meta":{"model":"stub_model_v0"}}