{"as_of":"2026-01-12T03:56:45.533974Z","indices":{"SPY":{"direction_prob_up":0.626,"expected_move_pct":0.139,"interval_pct":{"p50_low":-0.19110696,"p50_high":0.46889304000000004,"p80_low":-0.64110696,"p80_high":0.91889304}},"DIA":{"direction_prob_up":0.626,"expected_move_pct":0.139,"interval_pct":{"p50_low":-0.19110696,"p50_high":0.46889304000000004,"p80_low":-0.64110696,"p80_high":0.91889304}}},"meta":{"model":"stub_model_v0"}}