{"as_of":"2025-10-26T03:16:38.435432Z","indices":{"SPY":{"direction_prob_up":0.399,"expected_move_pct":-0.111,"interval_pct":{"p50_low":-0.4413924384529654,"p50_high":0.21860756154703462,"p80_low":-0.8913924384529655,"p80_high":0.6686075615470346}},"DIA":{"direction_prob_up":0.399,"expected_move_pct":-0.111,"interval_pct":{"p50_low":-0.4413924384529654,"p50_high":0.21860756154703462,"p80_low":-0.8913924384529655,"p80_high":0.6686075615470346}}},"meta":{"model":"stub_model_v0"}}