{"as_of":"2026-01-17T03:38:20.672300Z","indices":{"SPY":{"direction_prob_up":0.426,"expected_move_pct":-0.081,"interval_pct":{"p50_low":-0.41145367189923676,"p50_high":0.24854632810076327,"p80_low":-0.8614536718992367,"p80_high":0.6985463281007633}},"DIA":{"direction_prob_up":0.426,"expected_move_pct":-0.081,"interval_pct":{"p50_low":-0.41145367189923676,"p50_high":0.24854632810076327,"p80_low":-0.8614536718992367,"p80_high":0.6985463281007633}}},"meta":{"model":"stub_model_v0"}}