{"as_of":"2025-11-12T03:19:37.305244Z","indices":{"SPY":{"direction_prob_up":0.62,"expected_move_pct":0.132,"interval_pct":{"p50_low":-0.19808998,"p50_high":0.46191002000000003,"p80_low":-0.64808998,"p80_high":0.9119100200000001}},"DIA":{"direction_prob_up":0.62,"expected_move_pct":0.132,"interval_pct":{"p50_low":-0.19808998,"p50_high":0.46191002000000003,"p80_low":-0.64808998,"p80_high":0.9119100200000001}}},"meta":{"model":"stub_model_v0"}}