{"as_of":"2026-02-14T04:18:01.651954Z","indices":{"SPY":{"direction_prob_up":0.472,"expected_move_pct":-0.031,"interval_pct":{"p50_low":-0.3612141034254335,"p50_high":0.29878589657456656,"p80_low":-0.8112141034254334,"p80_high":0.7487858965745666}},"DIA":{"direction_prob_up":0.472,"expected_move_pct":-0.031,"interval_pct":{"p50_low":-0.3612141034254335,"p50_high":0.29878589657456656,"p80_low":-0.8112141034254334,"p80_high":0.7487858965745666}}},"meta":{"model":"stub_model_v0"}}