{"as_of":"2025-12-29T03:56:13.855893Z","indices":{"SPY":{"direction_prob_up":0.47,"expected_move_pct":-0.033,"interval_pct":{"p50_low":-0.3634096185556955,"p50_high":0.29659038144430455,"p80_low":-0.8134096185556955,"p80_high":0.7465903814443046}},"DIA":{"direction_prob_up":0.47,"expected_move_pct":-0.033,"interval_pct":{"p50_low":-0.3634096185556955,"p50_high":0.29659038144430455,"p80_low":-0.8134096185556955,"p80_high":0.7465903814443046}}},"meta":{"model":"stub_model_v0"}}