{"as_of":"2025-12-07T03:42:22.984669Z","indices":{"SPY":{"direction_prob_up":0.481,"expected_move_pct":-0.021,"interval_pct":{"p50_low":-0.3510963589661269,"p50_high":0.30890364103387313,"p80_low":-0.801096358966127,"p80_high":0.7589036410338731}},"DIA":{"direction_prob_up":0.481,"expected_move_pct":-0.021,"interval_pct":{"p50_low":-0.3510963589661269,"p50_high":0.30890364103387313,"p80_low":-0.801096358966127,"p80_high":0.7589036410338731}}},"meta":{"model":"stub_model_v0"}}