{"as_of":"2025-11-22T03:13:16.617628Z","indices":{"SPY":{"direction_prob_up":0.382,"expected_move_pct":-0.13,"interval_pct":{"p50_low":-0.4601243159213102,"p50_high":0.19987568407868986,"p80_low":-0.9101243159213102,"p80_high":0.6498756840786899}},"DIA":{"direction_prob_up":0.382,"expected_move_pct":-0.13,"interval_pct":{"p50_low":-0.4601243159213102,"p50_high":0.19987568407868986,"p80_low":-0.9101243159213102,"p80_high":0.6498756840786899}}},"meta":{"model":"stub_model_v0"}}