{"as_of":"2025-10-04T02:59:55.280473Z","indices":{"SPY":{"direction_prob_up":0.379,"expected_move_pct":-0.133,"interval_pct":{"p50_low":-0.46287948644216903,"p50_high":0.19712051355783097,"p80_low":-0.9128794864421691,"p80_high":0.647120513557831}},"DIA":{"direction_prob_up":0.379,"expected_move_pct":-0.133,"interval_pct":{"p50_low":-0.46287948644216903,"p50_high":0.19712051355783097,"p80_low":-0.9128794864421691,"p80_high":0.647120513557831}}},"meta":{"model":"stub_model_v0"}}