{"as_of":"2025-10-30T03:17:50.804956Z","indices":{"SPY":{"direction_prob_up":0.624,"expected_move_pct":0.137,"interval_pct":{"p50_low":-0.19344863999999998,"p50_high":0.4665513600000001,"p80_low":-0.64344864,"p80_high":0.91655136}},"DIA":{"direction_prob_up":0.624,"expected_move_pct":0.137,"interval_pct":{"p50_low":-0.19344863999999998,"p50_high":0.4665513600000001,"p80_low":-0.64344864,"p80_high":0.91655136}}},"meta":{"model":"stub_model_v0"}}