{"as_of":"2026-03-04T04:16:42.459020Z","indices":{"SPY":{"direction_prob_up":0.401,"expected_move_pct":-0.109,"interval_pct":{"p50_low":-0.4385049588823546,"p50_high":0.22149504111764545,"p80_low":-0.8885049588823546,"p80_high":0.6714950411176455}},"DIA":{"direction_prob_up":0.401,"expected_move_pct":-0.109,"interval_pct":{"p50_low":-0.4385049588823546,"p50_high":0.22149504111764545,"p80_low":-0.8885049588823546,"p80_high":0.6714950411176455}}},"meta":{"model":"stub_model_v0"}}