{"as_of":"2025-10-10T03:08:24.112543Z","indices":{"SPY":{"direction_prob_up":0.61,"expected_move_pct":0.12,"interval_pct":{"p50_low":-0.20953407230673327,"p50_high":0.45046592769326677,"p80_low":-0.6595340723067333,"p80_high":0.9004659276932667}},"DIA":{"direction_prob_up":0.61,"expected_move_pct":0.12,"interval_pct":{"p50_low":-0.20953407230673327,"p50_high":0.45046592769326677,"p80_low":-0.6595340723067333,"p80_high":0.9004659276932667}}},"meta":{"model":"stub_model_v0"}}