{"as_of":"2025-11-04T03:17:33.065856Z","indices":{"SPY":{"direction_prob_up":0.624,"expected_move_pct":0.136,"interval_pct":{"p50_low":-0.19382132000000002,"p50_high":0.46617868,"p80_low":-0.64382132,"p80_high":0.91617868}},"DIA":{"direction_prob_up":0.624,"expected_move_pct":0.136,"interval_pct":{"p50_low":-0.19382132000000002,"p50_high":0.46617868,"p80_low":-0.64382132,"p80_high":0.91617868}}},"meta":{"model":"stub_model_v0"}}