{"as_of":"2025-11-08T03:11:16.092058Z","indices":{"SPY":{"direction_prob_up":0.986,"expected_move_pct":0.534,"interval_pct":{"p50_low":0.20422528543936408,"p50_high":0.8642252854393642,"p80_low":-0.24577471456063593,"p80_high":1.3142252854393641}},"DIA":{"direction_prob_up":0.986,"expected_move_pct":0.534,"interval_pct":{"p50_low":0.20422528543936408,"p50_high":0.8642252854393642,"p80_low":-0.24577471456063593,"p80_high":1.3142252854393641}}},"meta":{"model":"stub_model_v0"}}