{"as_of":"2025-10-09T03:07:53.447771Z","indices":{"SPY":{"direction_prob_up":0.641,"expected_move_pct":0.155,"interval_pct":{"p50_low":-0.1748461,"p50_high":0.4851539,"p80_low":-0.6248461000000001,"p80_high":0.9351539}},"DIA":{"direction_prob_up":0.641,"expected_move_pct":0.155,"interval_pct":{"p50_low":-0.1748461,"p50_high":0.4851539,"p80_low":-0.6248461000000001,"p80_high":0.9351539}}},"meta":{"model":"stub_model_v0"}}