{"as_of":"2026-02-23T04:32:29.394226Z","indices":{"SPY":{"direction_prob_up":0.493,"expected_move_pct":-0.008,"interval_pct":{"p50_low":-0.3381937331041675,"p50_high":0.3218062668958325,"p80_low":-0.7881937331041675,"p80_high":0.7718062668958325}},"DIA":{"direction_prob_up":0.493,"expected_move_pct":-0.008,"interval_pct":{"p50_low":-0.3381937331041675,"p50_high":0.3218062668958325,"p80_low":-0.7881937331041675,"p80_high":0.7718062668958325}}},"meta":{"model":"stub_model_v0"}}