{"as_of":"2025-09-11T07:55:23.266836Z","indices":{"SPY":{"direction_prob_up":0.628,"expected_move_pct":0.14,"interval_pct":{"p50_low":-0.18966486,"p50_high":0.47033514000000004,"p80_low":-0.63966486,"p80_high":0.92033514}},"DIA":{"direction_prob_up":0.628,"expected_move_pct":0.14,"interval_pct":{"p50_low":-0.18966486,"p50_high":0.47033514000000004,"p80_low":-0.63966486,"p80_high":0.92033514}}},"meta":{"model":"stub_model_v0"}}