{"as_of":"2026-03-17T04:26:01.248750Z","indices":{"SPY":{"direction_prob_up":0.528,"expected_move_pct":0.031,"interval_pct":{"p50_low":-0.29877846308151895,"p50_high":0.3612215369184811,"p80_low":-0.748778463081519,"p80_high":0.8112215369184811}},"DIA":{"direction_prob_up":0.528,"expected_move_pct":0.031,"interval_pct":{"p50_low":-0.29877846308151895,"p50_high":0.3612215369184811,"p80_low":-0.748778463081519,"p80_high":0.8112215369184811}}},"meta":{"model":"stub_model_v0"}}