{"as_of":"2025-12-14T03:44:34.508963Z","indices":{"SPY":{"direction_prob_up":0.335,"expected_move_pct":-0.182,"interval_pct":{"p50_low":-0.5116050106149862,"p50_high":0.1483949893850138,"p80_low":-0.9616050106149863,"p80_high":0.5983949893850138}},"DIA":{"direction_prob_up":0.335,"expected_move_pct":-0.182,"interval_pct":{"p50_low":-0.5116050106149862,"p50_high":0.1483949893850138,"p80_low":-0.9616050106149863,"p80_high":0.5983949893850138}}},"meta":{"model":"stub_model_v0"}}