{"as_of":"2025-11-30T03:42:20.572811Z","indices":{"SPY":{"direction_prob_up":0.616,"expected_move_pct":0.128,"interval_pct":{"p50_low":-0.20242797338086269,"p50_high":0.4575720266191373,"p80_low":-0.6524279733808627,"p80_high":0.9075720266191374}},"DIA":{"direction_prob_up":0.616,"expected_move_pct":0.128,"interval_pct":{"p50_low":-0.20242797338086269,"p50_high":0.4575720266191373,"p80_low":-0.6524279733808627,"p80_high":0.9075720266191374}}},"meta":{"model":"stub_model_v0"}}