{"as_of":"2025-09-23T13:54:04.542810Z","indices":{"SPY":{"direction_prob_up":0.844,"expected_move_pct":0.378,"interval_pct":{"p50_low":0.048429914880913416,"p50_high":0.7084299148809134,"p80_low":-0.4015700851190866,"p80_high":1.1584299148809134}},"DIA":{"direction_prob_up":0.844,"expected_move_pct":0.378,"interval_pct":{"p50_low":0.048429914880913416,"p50_high":0.7084299148809134,"p80_low":-0.4015700851190866,"p80_high":1.1584299148809134}}},"meta":{"model":"stub_model_v0"}}