{"as_of":"2025-09-29T03:12:31.919203Z","indices":{"SPY":{"direction_prob_up":0.576,"expected_move_pct":0.083,"interval_pct":{"p50_low":-0.24690606478834778,"p50_high":0.4130939352116523,"p80_low":-0.6969060647883478,"p80_high":0.8630939352116522}},"DIA":{"direction_prob_up":0.576,"expected_move_pct":0.083,"interval_pct":{"p50_low":-0.24690606478834778,"p50_high":0.4130939352116523,"p80_low":-0.6969060647883478,"p80_high":0.8630939352116522}}},"meta":{"model":"stub_model_v0"}}