{"as_of":"2025-11-29T03:19:41.706243Z","indices":{"SPY":{"direction_prob_up":0.593,"expected_move_pct":0.103,"interval_pct":{"p50_low":-0.2274203160144026,"p50_high":0.43257968398559743,"p80_low":-0.6774203160144027,"p80_high":0.8825796839855974}},"DIA":{"direction_prob_up":0.593,"expected_move_pct":0.103,"interval_pct":{"p50_low":-0.2274203160144026,"p50_high":0.43257968398559743,"p80_low":-0.6774203160144027,"p80_high":0.8825796839855974}}},"meta":{"model":"stub_model_v0"}}