{"as_of":"2025-10-29T03:22:09.751183Z","indices":{"SPY":{"direction_prob_up":0.428,"expected_move_pct":-0.079,"interval_pct":{"p50_low":-0.4088380848645644,"p50_high":0.2511619151354356,"p80_low":-0.8588380848645645,"p80_high":0.7011619151354356}},"DIA":{"direction_prob_up":0.428,"expected_move_pct":-0.079,"interval_pct":{"p50_low":-0.4088380848645644,"p50_high":0.2511619151354356,"p80_low":-0.8588380848645645,"p80_high":0.7011619151354356}}},"meta":{"model":"stub_model_v0"}}