{"as_of":"2025-11-03T03:33:01.384751Z","indices":{"SPY":{"direction_prob_up":0.745,"expected_move_pct":0.269,"interval_pct":{"p50_low":-0.06099882241643423,"p50_high":0.5990011775835657,"p80_low":-0.5109988224164342,"p80_high":1.0490011775835657}},"DIA":{"direction_prob_up":0.745,"expected_move_pct":0.269,"interval_pct":{"p50_low":-0.06099882241643423,"p50_high":0.5990011775835657,"p80_low":-0.5109988224164342,"p80_high":1.0490011775835657}}},"meta":{"model":"stub_model_v0"}}