{"as_of":"2026-02-12T04:31:45.937832Z","indices":{"SPY":{"direction_prob_up":0.385,"expected_move_pct":-0.126,"interval_pct":{"p50_low":-0.45622793481387747,"p50_high":0.20377206518612254,"p80_low":-0.9062279348138775,"p80_high":0.6537720651861225}},"DIA":{"direction_prob_up":0.385,"expected_move_pct":-0.126,"interval_pct":{"p50_low":-0.45622793481387747,"p50_high":0.20377206518612254,"p80_low":-0.9062279348138775,"p80_high":0.6537720651861225}}},"meta":{"model":"stub_model_v0"}}