{"as_of":"2025-10-12T03:10:12.186315Z","indices":{"SPY":{"direction_prob_up":0.298,"expected_move_pct":-0.223,"interval_pct":{"p50_low":-0.552517656172417,"p50_high":0.10748234382758298,"p80_low":-1.002517656172417,"p80_high":0.557482343827583}},"DIA":{"direction_prob_up":0.298,"expected_move_pct":-0.223,"interval_pct":{"p50_low":-0.552517656172417,"p50_high":0.10748234382758298,"p80_low":-1.002517656172417,"p80_high":0.557482343827583}}},"meta":{"model":"stub_model_v0"}}