{"as_of":"2026-02-02T04:32:00.007517Z","indices":{"SPY":{"direction_prob_up":0.497,"expected_move_pct":-0.003,"interval_pct":{"p50_low":-0.3330124962990157,"p50_high":0.32698750370098434,"p80_low":-0.7830124962990157,"p80_high":0.7769875037009843}},"DIA":{"direction_prob_up":0.497,"expected_move_pct":-0.003,"interval_pct":{"p50_low":-0.3330124962990157,"p50_high":0.32698750370098434,"p80_low":-0.7830124962990157,"p80_high":0.7769875037009843}}},"meta":{"model":"stub_model_v0"}}