{"as_of":"2025-10-07T03:05:06.327125Z","indices":{"SPY":{"direction_prob_up":0.697,"expected_move_pct":0.216,"interval_pct":{"p50_low":-0.1136404734678235,"p50_high":0.5463595265321766,"p80_low":-0.5636404734678235,"p80_high":0.9963595265321765}},"DIA":{"direction_prob_up":0.697,"expected_move_pct":0.216,"interval_pct":{"p50_low":-0.1136404734678235,"p50_high":0.5463595265321766,"p80_low":-0.5636404734678235,"p80_high":0.9963595265321765}}},"meta":{"model":"stub_model_v0"}}