{"as_of":"2025-12-06T03:18:11.605805Z","indices":{"SPY":{"direction_prob_up":0.727,"expected_move_pct":0.249,"interval_pct":{"p50_low":-0.08051573168694331,"p50_high":0.5794842683130568,"p80_low":-0.5305157316869433,"p80_high":1.0294842683130567}},"DIA":{"direction_prob_up":0.727,"expected_move_pct":0.249,"interval_pct":{"p50_low":-0.08051573168694331,"p50_high":0.5794842683130568,"p80_low":-0.5305157316869433,"p80_high":1.0294842683130567}}},"meta":{"model":"stub_model_v0"}}