{"as_of":"2025-11-21T03:18:15.511637Z","indices":{"SPY":{"direction_prob_up":0.842,"expected_move_pct":0.376,"interval_pct":{"p50_low":0.046403502963932974,"p50_high":0.7064035029639331,"p80_low":-0.40359649703606704,"p80_high":1.156403502963933}},"DIA":{"direction_prob_up":0.842,"expected_move_pct":0.376,"interval_pct":{"p50_low":0.046403502963932974,"p50_high":0.7064035029639331,"p80_low":-0.40359649703606704,"p80_high":1.156403502963933}}},"meta":{"model":"stub_model_v0"}}